slug,audit_label,gsc_impressions,final_action,redirect_target
10-best-africa-countries-to-visit-in-2026-with-visa-tips,CUT,0,NOINDEX,
10-best-asia-countries-to-visit-in-2026-with-visa-tips,CUT,0,NOINDEX,
10-best-budget-destinations-for-bangladesh-travelers-in-2026,CUT,5,LIVE_DEEPEN_QUEUE,
10-best-budget-destinations-for-egypt-travelers-in-2026,CUT,0,NOINDEX,
10-best-budget-destinations-for-india-travelers-in-2026,CUT,0,NOINDEX,
10-best-budget-destinations-for-nepal-travelers-in-2026,CUT,1,NOINDEX,
10-best-budget-destinations-for-nigeria-travelers-in-2026,CUT,0,NOINDEX,
10-best-budget-destinations-for-pakistan-travelers-in-2026,CUT,0,NOINDEX,
10-best-budget-destinations-for-philippines-travelers-in-2026,CUT,0,NOINDEX,
10-best-budget-destinations-for-sri-lanka-travelers-in-2026,CUT,1,NOINDEX,
10-best-countries-for-adventure-seekers-in-2026-visa-budget-guide,CUT,0,NOINDEX,
10-best-countries-for-beach-lovers-in-2026-visa-budget-guide,CUT,0,NOINDEX,
10-best-countries-for-digital-nomads-in-2026-visa-budget-guide,DEEPEN,2,LIVE_DEEPEN_QUEUE,
10-best-countries-for-families-with-kids-in-2026-visa-budget-guide,CUT,0,NOINDEX,
10-best-countries-for-first-time-travelers-in-2026-visa-budget-guide,CUT,0,NOINDEX,
10-best-countries-for-foodies-in-2026-visa-budget-guide,CUT,0,NOINDEX,
10-best-countries-for-honeymooners-in-2026-visa-budget-guide,CUT,1,NOINDEX,
10-best-countries-for-luxury-travel-on-a-budget-in-2026-visa-budget-guide,CUT,0,NOINDEX,
10-best-countries-for-solo-travelers-in-2026-visa-budget-guide,CUT,0,NOINDEX,
10-best-countries-for-students-on-a-budget-in-2026-visa-budget-guide,CUT,0,NOINDEX,
10-best-countries-for-visa-free-weekend-trips-in-2026-visa-budget-guide,CUT,5,LIVE_DEEPEN_QUEUE,
10-best-countries-for-winter-sun-in-2026-visa-budget-guide,CUT,0,NOINDEX,
10-best-europe-countries-to-visit-in-2026-with-visa-tips,DEEPEN,1,LIVE_DEEPEN_QUEUE,
10-best-middle-east-countries-to-visit-in-2026-with-visa-tips,CUT,0,NOINDEX,
10-best-north-america-countries-to-visit-in-2026-with-visa-tips,DEEPEN,0,LIVE_DEEPEN_QUEUE,
10-best-oceania-countries-to-visit-in-2026-with-visa-tips,CUT,3,LIVE_DEEPEN_QUEUE,
10-best-south-america-countries-to-visit-in-2026-with-visa-tips,DEEPEN,1,LIVE_DEEPEN_QUEUE,
10-dream-destinations-bangladesh-travelers-can-actually-afford-in-2026,CUT,1,NOINDEX,
10-dream-destinations-egypt-travelers-can-actually-afford-in-2026,CUT,2,NOINDEX,
10-dream-destinations-india-travelers-can-actually-afford-in-2026,CUT,0,NOINDEX,
10-dream-destinations-nepal-travelers-can-actually-afford-in-2026,CUT,0,NOINDEX,
10-dream-destinations-nigeria-travelers-can-actually-afford-in-2026,CUT,0,NOINDEX,
10-dream-destinations-pakistan-travelers-can-actually-afford-in-2026,CUT,2,NOINDEX,
10-dream-destinations-philippines-travelers-can-actually-afford-in-2026,CUT,0,NOINDEX,
12-affordable-bucket-list-trips-to-visit-in-2026-visa-cost-guide,CUT,0,NOINDEX,
12-best-countries-for-remote-work-to-visit-in-2026-visa-cost-guide,DEEPEN,0,LIVE_DEEPEN_QUEUE,
12-countries-bangladesh-travelers-can-visit-without-a-sponsor,CUT,0,NOINDEX,
12-countries-egypt-travelers-can-visit-without-a-sponsor,CUT,0,NOINDEX,
12-countries-india-travelers-can-visit-without-a-sponsor,CUT,2,NOINDEX,
12-countries-nepal-travelers-can-visit-without-a-sponsor,CUT,4,LIVE_DEEPEN_QUEUE,
12-countries-nigeria-travelers-can-visit-without-a-sponsor,CUT,0,NOINDEX,
12-countries-pakistan-travelers-can-visit-without-a-sponsor,CUT,0,NOINDEX,
12-countries-philippines-travelers-can-visit-without-a-sponsor,CUT,0,NOINDEX,
12-countries-sri-lanka-travelers-can-visit-without-a-sponsor,CUT,4,LIVE_DEEPEN_QUEUE,
12-easiest-countries-to-get-a-visa-for-bangladesh-travelers,CUT,0,NOINDEX,
12-easiest-countries-to-get-a-visa-for-egypt-travelers,CUT,0,NOINDEX,
12-easiest-countries-to-get-a-visa-for-india-travelers,CUT,0,NOINDEX,
12-easiest-countries-to-get-a-visa-for-nepal-travelers,CUT,1,NOINDEX,
12-easiest-countries-to-get-a-visa-for-nigeria-travelers,CUT,0,NOINDEX,
12-easiest-countries-to-get-a-visa-for-pakistan-travelers,CUT,0,NOINDEX,
12-easiest-countries-to-get-a-visa-for-philippines-travelers,CUT,0,NOINDEX,
12-easiest-countries-to-get-a-visa-for-sri-lanka-travelers,CUT,4,LIVE_DEEPEN_QUEUE,
12-family-friendly-destinations-to-visit-in-2026-visa-cost-guide,CUT,1,NOINDEX,
12-honeymoon-destinations-to-visit-in-2026-visa-cost-guide,CUT,0,NOINDEX,
12-most-beautiful-places-to-visit-in-2026-visa-cost-guide,CUT,0,NOINDEX,
12-off-season-travel-deals-to-visit-in-2026-visa-cost-guide,CUT,0,NOINDEX,
12-safest-countries-for-solo-female-travelers-to-visit-in-2026-visa-cost-guide,CUT,0,NOINDEX,
12-underrated-destinations-to-visit-in-2026-visa-cost-guide,CUT,1,NOINDEX,
15-cheapest-countries-to-visit-from-bangladesh-in-2026,CUT,17,LIVE_DEEPEN_QUEUE,
15-cheapest-countries-to-visit-from-egypt-in-2026,CUT,6,LIVE_DEEPEN_QUEUE,
15-cheapest-countries-to-visit-from-india-in-2026,CUT,0,NOINDEX,
15-cheapest-countries-to-visit-from-nepal-in-2026,CUT,0,NOINDEX,
15-cheapest-countries-to-visit-from-nigeria-in-2026,CUT,4,LIVE_DEEPEN_QUEUE,
15-cheapest-countries-to-visit-from-pakistan-in-2026,CUT,107,LIVE_DEEPEN_QUEUE,
15-cheapest-countries-to-visit-from-philippines-in-2026,CUT,59,LIVE_DEEPEN_QUEUE,
15-cheapest-countries-to-visit-from-sri-lanka-in-2026,CUT,4,LIVE_DEEPEN_QUEUE,
15-countries-with-evisa-for-bangladesh-passport-holders-2026,CUT,0,NOINDEX,
15-countries-with-evisa-for-egypt-passport-holders-2026,CUT,2,NOINDEX,
15-countries-with-evisa-for-india-passport-holders-2026,CUT,3,LIVE_DEEPEN_QUEUE,
15-countries-with-evisa-for-nepal-passport-holders-2026,CUT,5,LIVE_DEEPEN_QUEUE,
15-countries-with-evisa-for-nigeria-passport-holders-2026,CUT,5,LIVE_DEEPEN_QUEUE,
15-countries-with-evisa-for-pakistan-passport-holders-2026,CUT,7,LIVE_DEEPEN_QUEUE,
15-countries-with-evisa-for-philippines-passport-holders-2026,CUT,4,LIVE_DEEPEN_QUEUE,
15-countries-with-evisa-for-sri-lanka-passport-holders-2026,CUT,0,NOINDEX,
20-best-visa-on-arrival-countries-for-bangladesh-citizens,CUT,0,NOINDEX,
20-best-visa-on-arrival-countries-for-egypt-citizens,CUT,6,LIVE_DEEPEN_QUEUE,
20-best-visa-on-arrival-countries-for-india-citizens,CUT,3,LIVE_DEEPEN_QUEUE,
20-best-visa-on-arrival-countries-for-nepal-citizens,CUT,11,LIVE_DEEPEN_QUEUE,
20-best-visa-on-arrival-countries-for-nigeria-citizens,CUT,0,NOINDEX,
20-best-visa-on-arrival-countries-for-pakistan-citizens,CUT,5,LIVE_DEEPEN_QUEUE,
20-best-visa-on-arrival-countries-for-philippines-citizens,CUT,1,NOINDEX,
20-best-visa-on-arrival-countries-for-sri-lanka-citizens,CUT,4,LIVE_DEEPEN_QUEUE,
40-visa-free-countries-for-bangladesh-passport-holders-2026-list,CUT,9,LIVE_DEEPEN_QUEUE,
40-visa-free-countries-for-egypt-passport-holders-2026-list,CUT,45,LIVE_DEEPEN_QUEUE,
40-visa-free-countries-for-india-passport-holders-2026-list,CUT,5,LIVE_DEEPEN_QUEUE,
40-visa-free-countries-for-nepal-passport-holders-2026-list,CUT,13,LIVE_DEEPEN_QUEUE,
40-visa-free-countries-for-nigeria-passport-holders-2026-list,CUT,2,NOINDEX,
40-visa-free-countries-for-pakistan-passport-holders-2026-list,CUT,0,NOINDEX,
40-visa-free-countries-for-philippines-passport-holders-2026-list,CUT,0,NOINDEX,
40-visa-free-countries-for-sri-lanka-passport-holders-2026-list,CUT,15,LIVE_DEEPEN_QUEUE,
abu-dhabi-travel-guide-top-things-to-do-costs-visa-tips-2026,CUT,0,NOINDEX,
accommodation-proof-for-visa-format-sample-common-mistakes,CUT,0,NOINDEX,
affidavit-of-support-for-visa-format-sample-common-mistakes,CUT,8,LIVE_DEEPEN_QUEUE,
amsterdam-travel-guide-top-things-to-do-costs-visa-tips-2026,DEEPEN,0,LIVE_DEEPEN_QUEUE,
australia-student-visa-financial-requirements-2026-proof-of-funds-explained,KEEP,1,LIVE,
australia-student-visa-for-bangladesh-students-2026-complete-step-by-step-guide,DEEPEN,2,LIVE_DEEPEN_QUEUE,
australia-student-visa-for-india-students-2026-complete-step-by-step-guide,DEEPEN,2,LIVE_DEEPEN_QUEUE,
australia-student-visa-for-nigeria-students-2026-complete-step-by-step-guide,DEEPEN,0,LIVE_DEEPEN_QUEUE,
australia-student-visa-for-pakistan-students-2026-complete-step-by-step-guide,DEEPEN,0,LIVE_DEEPEN_QUEUE,
australia-student-visa-indians-2026,KEEP,3,LIVE,
australia-student-visa-interview-questions-2026,KEEP,0,LIVE,
australia-travel-guide-2026-visa-budget-best-time-to-visit-itinerary,DEEPEN,1,LIVE_DEEPEN_QUEUE,
australia-visa-processing-time-from-bangladesh-how-long-it-really-takes-2026,DEEPEN,0,LIVE_DEEPEN_QUEUE,
australia-visa-processing-time-from-india-2026,MERGE,0,LIVE,
australia-visa-processing-time-from-india-how-long-it-really-takes-2026,DEEPEN,0,LIVE_DEEPEN_QUEUE,
australia-visa-processing-time-from-nigeria-how-long-it-really-takes-2026,DEEPEN,3,LIVE_DEEPEN_QUEUE,
australia-visa-processing-time-from-pakistan-how-long-it-really-takes-2026,DEEPEN,11,LIVE_DEEPEN_QUEUE,
australia-visa-processing-time-from-philippines-how-long-it-really-takes-2026,DEEPEN,0,LIVE_DEEPEN_QUEUE,
australia-visa-refused-how-to-reapply-successfully-step-by-step,DEEPEN,0,LIVE_DEEPEN_QUEUE,
australia-visa-rule-changes-in-2026-what-travelers-need-to-know,DEEPEN,0,LIVE_DEEPEN_QUEUE,
australia-vs-new-zealand-visa-for-bangladesh-which-is-easier-to-get-2026,DEEPEN,0,LIVE_DEEPEN_QUEUE,
australia-vs-new-zealand-visa-for-india-which-is-easier-to-get-2026,DEEPEN,0,LIVE_DEEPEN_QUEUE,
australia-vs-new-zealand-visa-for-nigeria-which-is-easier-to-get-2026,DEEPEN,3,LIVE_DEEPEN_QUEUE,
australia-vs-new-zealand-visa-for-pakistan-which-is-easier-to-get-2026,DEEPEN,0,LIVE_DEEPEN_QUEUE,
australia-vs-new-zealand-visa-for-philippines-which-is-easier-to-get-2026,DEEPEN,0,LIVE_DEEPEN_QUEUE,
australia-work-visa-guide-indians-2026,KEEP,37,LIVE,
austria-travel-guide-2026-visa-budget-best-time-to-visit-itinerary,CUT,0,NOINDEX,
austria-visa-processing-time-from-india-how-long-it-really-takes-2026,CUT,7,LIVE_DEEPEN_QUEUE,
austria-visa-rule-changes-in-2026-what-travelers-need-to-know,CUT,0,NOINDEX,
azerbaijan-travel-guide-2026-visa-budget-best-time-to-visit-itinerary,CUT,0,NOINDEX,
azerbaijan-visa-processing-time-from-india-how-long-it-really-takes-2026,CUT,0,NOINDEX,
azerbaijan-visa-rule-changes-in-2026-what-travelers-need-to-know,CUT,0,NOINDEX,
bahrain-travel-guide-2026-visa-budget-best-time-to-visit-itinerary,CUT,0,NOINDEX,
baku-travel-guide-top-things-to-do-costs-visa-tips-2026,CUT,0,NOINDEX,
bali-travel-guide-top-things-to-do-costs-visa-tips-2026,DEEPEN,0,LIVE_DEEPEN_QUEUE,
bangkok-travel-guide-top-things-to-do-costs-visa-tips-2026,CUT,0,NOINDEX,
bangladesh-to-australia-visa-requirements-2026,MERGE,9,LIVE,
bangladesh-to-australia-visa-requirements-how-to-apply-2026,CUT,2,NOINDEX,
bangladesh-to-austria-visa-schengen-requirements-how-to-apply-2026,CUT,0,NOINDEX,
bangladesh-to-azerbaijan-visa-requirements-how-to-apply-2026,CUT,7,LIVE_DEEPEN_QUEUE,
bangladesh-to-bahrain-visa-requirements-how-to-apply-2026,CUT,1,NOINDEX,
bangladesh-to-belgium-visa-schengen-requirements-how-to-apply-2026,CUT,6,LIVE_DEEPEN_QUEUE,
bangladesh-to-canada-visa-requirements-how-to-apply-2026,CUT,2,NOINDEX,
bangladesh-to-china-visa-requirements-how-to-apply-2026,CUT,8,LIVE_DEEPEN_QUEUE,
bangladesh-to-croatia-visa-schengen-requirements-how-to-apply-2026,CUT,2,NOINDEX,
bangladesh-to-czech-republic-visa-schengen-requirements-how-to-apply-2026,CUT,2,NOINDEX,
bangladesh-to-denmark-visa-schengen-requirements-how-to-apply-2026,CUT,0,NOINDEX,
bangladesh-to-egypt-visa-requirements-how-to-apply-2026,CUT,4,LIVE_DEEPEN_QUEUE,
bangladesh-to-finland-visa-schengen-requirements-how-to-apply-2026,CUT,0,NOINDEX,
bangladesh-to-france-schengen-visa-requirements-2026,MERGE,3,REDIRECT_301,/blog/nigeria-to-france-schengen-visa-requirements-2026
bangladesh-to-france-visa-schengen-requirements-how-to-apply-2026,CUT,1,NOINDEX,
bangladesh-to-georgia-visa-requirements-how-to-apply-2026,CUT,10,LIVE_DEEPEN_QUEUE,
bangladesh-to-germany-schengen-visa-requirements-2026,MERGE,0,REDIRECT_301,/blog/nigeria-to-france-schengen-visa-requirements-2026
bangladesh-to-germany-visa-schengen-requirements-how-to-apply-2026,CUT,0,NOINDEX,
bangladesh-to-greece-visa-schengen-requirements-how-to-apply-2026,CUT,1,NOINDEX,
bangladesh-to-hungary-visa-schengen-requirements-how-to-apply-2026,CUT,0,NOINDEX,
bangladesh-to-indonesia-visa-requirements-how-to-apply-2026,CUT,0,NOINDEX,
bangladesh-to-ireland-visa-requirements-how-to-apply-2026,CUT,1,NOINDEX,
bangladesh-to-italy-visa-schengen-requirements-how-to-apply-2026,CUT,5,LIVE_DEEPEN_QUEUE,
bangladesh-to-japan-visa-requirements-how-to-apply-2026,CUT,5,LIVE_DEEPEN_QUEUE,
bangladesh-to-kazakhstan-visa-requirements-how-to-apply-2026,CUT,7,LIVE_DEEPEN_QUEUE,
bangladesh-to-kenya-visa-requirements-how-to-apply-2026,CUT,0,NOINDEX,
bangladesh-to-kuwait-visa-requirements-how-to-apply-2026,CUT,4,LIVE_DEEPEN_QUEUE,
bangladesh-to-malaysia-visa-requirements-2026,MERGE,25,LIVE,
bangladesh-to-malaysia-visa-requirements-how-to-apply-2026,CUT,7,LIVE_DEEPEN_QUEUE,
bangladesh-to-maldives-visa-requirements-how-to-apply-2026,CUT,3,LIVE_DEEPEN_QUEUE,
bangladesh-to-mexico-visa-requirements-how-to-apply-2026,CUT,20,LIVE_DEEPEN_QUEUE,
bangladesh-to-morocco-visa-requirements-how-to-apply-2026,CUT,5,LIVE_DEEPEN_QUEUE,
bangladesh-to-netherlands-visa-schengen-requirements-how-to-apply-2026,CUT,0,NOINDEX,
bangladesh-to-new-zealand-visa-requirements-how-to-apply-2026,CUT,0,NOINDEX,
bangladesh-to-norway-visa-schengen-requirements-how-to-apply-2026,CUT,0,NOINDEX,
bangladesh-to-oman-visa-requirements-how-to-apply-2026,CUT,18,LIVE_DEEPEN_QUEUE,
bangladesh-to-poland-visa-schengen-requirements-how-to-apply-2026,CUT,4,LIVE_DEEPEN_QUEUE,
bangladesh-to-portugal-visa-schengen-requirements-how-to-apply-2026,CUT,1,NOINDEX,
bangladesh-to-qatar-visa-requirements-how-to-apply-2026,CUT,4,LIVE_DEEPEN_QUEUE,
bangladesh-to-russia-visa-requirements-how-to-apply-2026,CUT,2,NOINDEX,
bangladesh-to-saudi-arabia-visa-requirements-how-to-apply-2026,CUT,6,LIVE_DEEPEN_QUEUE,
bangladesh-to-singapore-visa-requirements-how-to-apply-2026,CUT,3,LIVE_DEEPEN_QUEUE,
bangladesh-to-south-africa-visa-requirements-how-to-apply-2026,CUT,9,LIVE_DEEPEN_QUEUE,
bangladesh-to-south-korea-visa-requirements-how-to-apply-2026,CUT,5,LIVE_DEEPEN_QUEUE,
bangladesh-to-spain-visa-schengen-requirements-how-to-apply-2026,CUT,0,NOINDEX,
bangladesh-to-sri-lanka-visa-requirements-how-to-apply-2026,CUT,0,NOINDEX,
bangladesh-to-sweden-visa-schengen-requirements-how-to-apply-2026,CUT,1,NOINDEX,
bangladesh-to-switzerland-visa-schengen-requirements-how-to-apply-2026,CUT,0,NOINDEX,
bangladesh-to-thailand-visa-requirements-2026,MERGE,5,LIVE,
bangladesh-to-thailand-visa-requirements-how-to-apply-2026,CUT,0,NOINDEX,
bangladesh-to-turkey-visa-requirements-2026,MERGE,0,LIVE,
bangladesh-to-turkey-visa-requirements-how-to-apply-2026,CUT,1,NOINDEX,
bangladesh-to-uae-visa-requirements-2026,KEEP,32,LIVE,
bangladesh-to-united-arab-emirates-visa-requirements-how-to-apply-2026,CUT,0,NOINDEX,
bangladesh-to-united-kingdom-visa-requirements-how-to-apply-2026,CUT,10,LIVE_DEEPEN_QUEUE,
bangladesh-to-united-states-visa-requirements-how-to-apply-2026,CUT,1,NOINDEX,
bangladesh-to-vietnam-visa-requirements-how-to-apply-2026,CUT,0,NOINDEX,
bank-statement-for-visa-application,DEEPEN,0,LIVE_DEEPEN_QUEUE,
bank-statement-for-visa-format-sample-common-mistakes,CUT,0,NOINDEX,
barcelona-travel-guide-top-things-to-do-costs-visa-tips-2026,CUT,0,NOINDEX,
belgium-travel-guide-2026-visa-budget-best-time-to-visit-itinerary,CUT,0,NOINDEX,
belgium-visa-rule-changes-in-2026-what-travelers-need-to-know,CUT,2,NOINDEX,
berlin-travel-guide-top-things-to-do-costs-visa-tips-2026,CUT,0,NOINDEX,
best-time-to-visit-australia-weather-seasons-cheapest-months-2026,DEEPEN,6,LIVE_DEEPEN_QUEUE,
best-time-to-visit-canada-weather-seasons-cheapest-months-2026,KEEP,5,LIVE,
best-time-to-visit-china-weather-seasons-cheapest-months-2026,CUT,9,LIVE_DEEPEN_QUEUE,
best-time-to-visit-france-weather-seasons-cheapest-months-2026,DEEPEN,0,LIVE_DEEPEN_QUEUE,
best-time-to-visit-germany-weather-seasons-cheapest-months-2026,DEEPEN,0,LIVE_DEEPEN_QUEUE,
best-time-to-visit-greece-weather-seasons-cheapest-months-2026,CUT,4,LIVE_DEEPEN_QUEUE,
best-time-to-visit-indonesia-weather-seasons-cheapest-months-2026,CUT,0,NOINDEX,
best-time-to-visit-italy-weather-seasons-cheapest-months-2026,DEEPEN,0,LIVE_DEEPEN_QUEUE,
best-time-to-visit-japan-weather-seasons-cheapest-months-2026,DEEPEN,3,LIVE_DEEPEN_QUEUE,
best-time-to-visit-malaysia-weather-seasons-cheapest-months-2026,DEEPEN,4,LIVE_DEEPEN_QUEUE,
best-time-to-visit-netherlands-weather-seasons-cheapest-months-2026,DEEPEN,7,LIVE_DEEPEN_QUEUE,
best-time-to-visit-oman-weather-seasons-cheapest-months-2026,MERGE,2,LIVE,
best-time-to-visit-portugal-weather-seasons-cheapest-months-2026,KEEP,0,LIVE,
best-time-to-visit-qatar-weather-seasons-cheapest-months-2026,DEEPEN,5,LIVE_DEEPEN_QUEUE,
best-time-to-visit-saudi-arabia-weather-seasons-cheapest-months-2026,MERGE,5,LIVE,
best-time-to-visit-singapore-weather-seasons-cheapest-months-2026,DEEPEN,5,LIVE_DEEPEN_QUEUE,
best-time-to-visit-south-korea-weather-seasons-cheapest-months-2026,CUT,0,NOINDEX,
best-time-to-visit-spain-weather-seasons-cheapest-months-2026,DEEPEN,0,LIVE_DEEPEN_QUEUE,
best-time-to-visit-switzerland-weather-seasons-cheapest-months-2026,DEEPEN,0,LIVE_DEEPEN_QUEUE,
best-time-to-visit-thailand-weather-seasons-cheapest-months-2026,DEEPEN,3,LIVE_DEEPEN_QUEUE,
best-time-to-visit-turkey-weather-seasons-cheapest-months-2026,DEEPEN,2,LIVE_DEEPEN_QUEUE,
best-time-to-visit-united-arab-emirates-weather-seasons-cheapest-months-2026,MERGE,0,REDIRECT_301,/blog/best-time-to-visit-united-states-weather-seasons-cheapest-months-2026
best-time-to-visit-united-kingdom-weather-seasons-cheapest-months-2026,KEEP,0,LIVE,
best-time-to-visit-united-states-weather-seasons-cheapest-months-2026,MERGE,1,LIVE,
best-travel-insurance-schengen-visa,KEEP,1627,LIVE,
biometrics-appointment-for-visa-format-sample-common-mistakes,CUT,0,NOINDEX,
birth-certificate-for-visa-format-sample-common-mistakes,CUT,1,NOINDEX,
brazil-travel-guide-2026-visa-budget-best-time-to-visit-itinerary,CUT,0,NOINDEX,
cairo-travel-guide-top-things-to-do-costs-visa-tips-2026,CUT,0,NOINDEX,
canada-student-visa-financial-requirements-2026-proof-of-funds-explained,DEEPEN,9,LIVE_DEEPEN_QUEUE,
canada-student-visa-for-bangladesh-students-2026-complete-step-by-step-guide,DEEPEN,0,LIVE_DEEPEN_QUEUE,
canada-student-visa-for-india-students-2026-complete-step-by-step-guide,DEEPEN,1,LIVE_DEEPEN_QUEUE,
canada-student-visa-for-nigeria-students-2026-complete-step-by-step-guide,DEEPEN,0,LIVE_DEEPEN_QUEUE,
canada-student-visa-for-pakistan-students-2026-complete-step-by-step-guide,DEEPEN,0,LIVE_DEEPEN_QUEUE,
canada-student-visa-for-philippines-students-2026-complete-step-by-step-guide,DEEPEN,0,LIVE_DEEPEN_QUEUE,
canada-student-visa-indians,KEEP,3,LIVE,
canada-student-visa-pakistan-2026,KEEP,0,LIVE,
canada-study-permit-interview-questions-2026,KEEP,0,LIVE,
canada-tourist-visa-pakistanis-step-by-step,KEEP,42,LIVE,
canada-travel-guide-2026-visa-budget-best-time-to-visit-itinerary,DEEPEN,5,LIVE_DEEPEN_QUEUE,
canada-visa-processing-time-from-bangladesh-how-long-it-really-takes-2026,DEEPEN,0,LIVE_DEEPEN_QUEUE,
canada-visa-processing-time-from-india-how-long-it-really-takes-2026,DEEPEN,0,LIVE_DEEPEN_QUEUE,
canada-visa-processing-time-from-nigeria-how-long-it-really-takes-2026,DEEPEN,0,LIVE_DEEPEN_QUEUE,
canada-visa-processing-time-from-pakistan-how-long-it-really-takes-2026,DEEPEN,0,LIVE_DEEPEN_QUEUE,
canada-visa-processing-time-from-philippines-how-long-it-really-takes-2026,DEEPEN,0,LIVE_DEEPEN_QUEUE,
canada-visa-refused-how-to-reapply-successfully-step-by-step,DEEPEN,0,LIVE_DEEPEN_QUEUE,
canada-visa-rule-changes-in-2026-what-travelers-need-to-know,MERGE,0,LIVE,
canada-vs-australia-indian-students-2026,KEEP,1,LIVE,
canada-vs-australia-visa-for-bangladesh-which-is-easier-to-get-2026,DEEPEN,2,LIVE_DEEPEN_QUEUE,
canada-vs-australia-visa-for-india-which-is-easier-to-get-2026,DEEPEN,2,LIVE_DEEPEN_QUEUE,
canada-vs-australia-visa-for-nigeria-which-is-easier-to-get-2026,DEEPEN,5,LIVE_DEEPEN_QUEUE,
canada-vs-australia-visa-for-pakistan-which-is-easier-to-get-2026,DEEPEN,2,LIVE_DEEPEN_QUEUE,
canada-vs-australia-visa-for-philippines-which-is-easier-to-get-2026,DEEPEN,0,LIVE_DEEPEN_QUEUE,
cape-town-travel-guide-top-things-to-do-costs-visa-tips-2026,CUT,0,NOINDEX,
cheapest-visa-free-countries-india-2026,KEEP,23,LIVE,
china-travel-guide-2026-visa-budget-best-time-to-visit-itinerary,CUT,4,LIVE_DEEPEN_QUEUE,
china-visa-processing-time-from-india-how-long-it-really-takes-2026,CUT,9,LIVE_DEEPEN_QUEUE,
china-visa-processing-time-from-pakistan-how-long-it-really-takes-2026,CUT,0,NOINDEX,
china-visa-rule-changes-in-2026-what-travelers-need-to-know,CUT,0,NOINDEX,
common-visa-application-mistakes,DEEPEN,2,LIVE_DEEPEN_QUEUE,
common-visa-interview-questions-answers-2026,DEEPEN,0,LIVE_DEEPEN_QUEUE,
croatia-travel-guide-2026-visa-budget-best-time-to-visit-itinerary,CUT,0,NOINDEX,
czech-republic-travel-guide-2026-visa-budget-best-time-to-visit-itinerary,CUT,4,LIVE_DEEPEN_QUEUE,
day-by-day-travel-plan-for-visa-format-sample-common-mistakes,CUT,0,NOINDEX,
denmark-travel-guide-2026-visa-budget-best-time-to-visit-itinerary,CUT,5,LIVE_DEEPEN_QUEUE,
digital-nomad-visas-2026,KEEP,15,LIVE,
doha-travel-guide-top-things-to-do-costs-visa-tips-2026,CUT,0,NOINDEX,
dubai-tourist-visa-complete-guide-indians,KEEP,291,LIVE,
dubai-travel-guide-top-things-to-do-costs-visa-tips-2026,DEEPEN,0,LIVE_DEEPEN_QUEUE,
dubai-vs-singapore-indian-tourists-2026,KEEP,3,LIVE,
dubai-work-visa-pakistanis,KEEP,36,LIVE,
dummy-ticket-for-visa-application,DEEPEN,0,LIVE_DEEPEN_QUEUE,
egypt-to-australia-visa-requirements-how-to-apply-2026,CUT,0,NOINDEX,
egypt-to-austria-visa-schengen-requirements-how-to-apply-2026,CUT,3,LIVE_DEEPEN_QUEUE,
egypt-to-azerbaijan-visa-requirements-how-to-apply-2026,CUT,0,NOINDEX,
egypt-to-canada-visa-requirements-how-to-apply-2026,CUT,4,LIVE_DEEPEN_QUEUE,
egypt-to-china-visa-requirements-how-to-apply-2026,CUT,45,LIVE_DEEPEN_QUEUE,
egypt-to-france-visa-schengen-requirements-how-to-apply-2026,CUT,3,LIVE_DEEPEN_QUEUE,
egypt-to-georgia-visa-requirements-how-to-apply-2026,CUT,13,LIVE_DEEPEN_QUEUE,
egypt-to-germany-visa-schengen-requirements-how-to-apply-2026,CUT,3,LIVE_DEEPEN_QUEUE,
egypt-to-greece-visa-schengen-requirements-how-to-apply-2026,CUT,13,LIVE_DEEPEN_QUEUE,
egypt-to-indonesia-visa-requirements-how-to-apply-2026,CUT,7,LIVE_DEEPEN_QUEUE,
egypt-to-ireland-visa-requirements-how-to-apply-2026,CUT,4,LIVE_DEEPEN_QUEUE,
egypt-to-italy-visa-schengen-requirements-how-to-apply-2026,CUT,12,LIVE_DEEPEN_QUEUE,
egypt-to-japan-visa-requirements-how-to-apply-2026,CUT,8,LIVE_DEEPEN_QUEUE,
egypt-to-kuwait-visa-requirements-how-to-apply-2026,CUT,7,LIVE_DEEPEN_QUEUE,
egypt-to-malaysia-visa-requirements-how-to-apply-2026,CUT,25,LIVE_DEEPEN_QUEUE,
egypt-to-maldives-visa-requirements-how-to-apply-2026,CUT,2,NOINDEX,
egypt-to-netherlands-visa-schengen-requirements-how-to-apply-2026,CUT,0,NOINDEX,
egypt-to-new-zealand-visa-requirements-how-to-apply-2026,CUT,1,NOINDEX,
egypt-to-oman-visa-requirements-how-to-apply-2026,CUT,3,LIVE_DEEPEN_QUEUE,
egypt-to-portugal-visa-schengen-requirements-how-to-apply-2026,CUT,5,LIVE_DEEPEN_QUEUE,
egypt-to-qatar-visa-requirements-how-to-apply-2026,CUT,2,NOINDEX,
egypt-to-saudi-arabia-visa-requirements-how-to-apply-2026,DEEPEN,19,LIVE_DEEPEN_QUEUE,
egypt-to-singapore-visa-requirements-how-to-apply-2026,CUT,2,NOINDEX,
egypt-to-south-korea-visa-requirements-how-to-apply-2026,CUT,4,LIVE_DEEPEN_QUEUE,
egypt-to-spain-visa-schengen-requirements-how-to-apply-2026,CUT,0,NOINDEX,
egypt-to-switzerland-visa-schengen-requirements-how-to-apply-2026,CUT,0,NOINDEX,
egypt-to-thailand-visa-requirements-how-to-apply-2026,CUT,8,LIVE_DEEPEN_QUEUE,
egypt-to-turkey-visa-requirements-how-to-apply-2026,CUT,3,LIVE_DEEPEN_QUEUE,
egypt-to-united-arab-emirates-visa-requirements-how-to-apply-2026,DEEPEN,2,LIVE_DEEPEN_QUEUE,
egypt-to-united-kingdom-visa-requirements-how-to-apply-2026,CUT,3,LIVE_DEEPEN_QUEUE,
egypt-to-united-states-visa-requirements-how-to-apply-2026,DEEPEN,3,LIVE_DEEPEN_QUEUE,
egypt-to-vietnam-visa-requirements-how-to-apply-2026,CUT,0,NOINDEX,
egypt-travel-guide-2026-visa-budget-best-time-to-visit-itinerary,CUT,2,NOINDEX,
egypt-visa-processing-time-from-india-how-long-it-really-takes-2026,CUT,0,NOINDEX,
egypt-visa-rule-changes-in-2026-what-travelers-need-to-know,CUT,0,NOINDEX,
employer-leave-letter-for-visa,DEEPEN,1,LIVE_DEEPEN_QUEUE,
employment-letter-for-visa-format-sample-common-mistakes,CUT,2,NOINDEX,
employment-noc-letter-for-visa,DEEPEN,0,LIVE_DEEPEN_QUEUE,
evisa-vs-visa-on-arrival-key-differences-explained-2026,CUT,0,NOINDEX,
express-vs-standard-visa-processing-key-differences-explained-2026,DEEPEN,0,LIVE_DEEPEN_QUEUE,
finland-travel-guide-2026-visa-budget-best-time-to-visit-itinerary,CUT,0,NOINDEX,
flight-reservation-for-visa-format-sample-common-mistakes,CUT,0,NOINDEX,
france-student-visa-financial-requirements-2026-proof-of-funds-explained,DEEPEN,22,LIVE_DEEPEN_QUEUE,
france-student-visa-for-bangladesh-students-2026-complete-step-by-step-guide,DEEPEN,0,LIVE_DEEPEN_QUEUE,
france-student-visa-for-india-students-2026-complete-step-by-step-guide,DEEPEN,0,LIVE_DEEPEN_QUEUE,
france-student-visa-for-nigeria-students-2026-complete-step-by-step-guide,DEEPEN,0,LIVE_DEEPEN_QUEUE,
france-student-visa-for-pakistan-students-2026-complete-step-by-step-guide,DEEPEN,0,LIVE_DEEPEN_QUEUE,
france-student-visa-indians-2026,KEEP,3,LIVE,
france-travel-guide-2026-visa-budget-best-time-to-visit-itinerary,DEEPEN,0,LIVE_DEEPEN_QUEUE,
france-visa-processing-time-from-bangladesh-how-long-it-really-takes-2026,DEEPEN,0,LIVE_DEEPEN_QUEUE,
france-visa-processing-time-from-india-2026,MERGE,1,LIVE,
france-visa-processing-time-from-india-how-long-it-really-takes-2026,DEEPEN,0,LIVE_DEEPEN_QUEUE,
france-visa-processing-time-from-nigeria-how-long-it-really-takes-2026,DEEPEN,0,LIVE_DEEPEN_QUEUE,
france-visa-processing-time-from-pakistan-how-long-it-really-takes-2026,DEEPEN,0,LIVE_DEEPEN_QUEUE,
france-visa-processing-time-from-philippines-how-long-it-really-takes-2026,DEEPEN,0,LIVE_DEEPEN_QUEUE,
france-visa-refused-how-to-reapply-successfully-step-by-step,DEEPEN,0,LIVE_DEEPEN_QUEUE,
france-visa-rule-changes-in-2026-what-travelers-need-to-know,DEEPEN,2,LIVE_DEEPEN_QUEUE,
georgia-travel-guide-2026-visa-budget-best-time-to-visit-itinerary,CUT,0,NOINDEX,
georgia-visa-processing-time-from-india-how-long-it-really-takes-2026,CUT,4,LIVE_DEEPEN_QUEUE,
georgia-visa-rule-changes-in-2026-what-travelers-need-to-know,CUT,0,NOINDEX,
germany-job-seeker-visa-complete-requirements,KEEP,761,LIVE,
germany-student-visa-financial-requirements-2026-proof-of-funds-explained,DEEPEN,0,LIVE_DEEPEN_QUEUE,
germany-student-visa-for-bangladesh-students-2026-complete-step-by-step-guide,DEEPEN,0,LIVE_DEEPEN_QUEUE,
germany-student-visa-for-india-students-2026-complete-step-by-step-guide,DEEPEN,0,LIVE_DEEPEN_QUEUE,
germany-student-visa-for-nigeria-students-2026-complete-step-by-step-guide,DEEPEN,1,LIVE_DEEPEN_QUEUE,
germany-student-visa-for-pakistan-students-2026-complete-step-by-step-guide,DEEPEN,0,LIVE_DEEPEN_QUEUE,
germany-student-visa-indians-2026,KEEP,0,LIVE,
germany-travel-guide-2026-visa-budget-best-time-to-visit-itinerary,DEEPEN,0,LIVE_DEEPEN_QUEUE,
germany-visa-processing-time-from-bangladesh-how-long-it-really-takes-2026,DEEPEN,0,LIVE_DEEPEN_QUEUE,
germany-visa-processing-time-from-india-2026,MERGE,4,LIVE,
germany-visa-processing-time-from-india-how-long-it-really-takes-2026,DEEPEN,7,LIVE_DEEPEN_QUEUE,
germany-visa-processing-time-from-nigeria-how-long-it-really-takes-2026,DEEPEN,0,LIVE_DEEPEN_QUEUE,
germany-visa-processing-time-from-pakistan-how-long-it-really-takes-2026,DEEPEN,0,LIVE_DEEPEN_QUEUE,
germany-visa-processing-time-from-philippines-how-long-it-really-takes-2026,DEEPEN,0,LIVE_DEEPEN_QUEUE,
germany-visa-refused-how-to-reapply-successfully-step-by-step,DEEPEN,0,LIVE_DEEPEN_QUEUE,
germany-visa-rule-changes-in-2026-what-travelers-need-to-know,DEEPEN,2,LIVE_DEEPEN_QUEUE,
germany-vs-canada-indian-students-2026,KEEP,0,LIVE,
germany-vs-france-visa-for-bangladesh-which-is-easier-to-get-2026,DEEPEN,0,LIVE_DEEPEN_QUEUE,
germany-vs-france-visa-for-india-which-is-easier-to-get-2026,DEEPEN,1,LIVE_DEEPEN_QUEUE,
germany-vs-france-visa-for-nigeria-which-is-easier-to-get-2026,DEEPEN,1,LIVE_DEEPEN_QUEUE,
germany-vs-france-visa-for-pakistan-which-is-easier-to-get-2026,DEEPEN,0,LIVE_DEEPEN_QUEUE,
germany-vs-france-visa-for-philippines-which-is-easier-to-get-2026,DEEPEN,0,LIVE_DEEPEN_QUEUE,
germany-vs-netherlands-visa-for-bangladesh-which-is-easier-to-get-2026,DEEPEN,0,LIVE_DEEPEN_QUEUE,
germany-vs-netherlands-visa-for-india-which-is-easier-to-get-2026,DEEPEN,0,LIVE_DEEPEN_QUEUE,
germany-vs-netherlands-visa-for-nigeria-which-is-easier-to-get-2026,DEEPEN,0,LIVE_DEEPEN_QUEUE,
germany-vs-netherlands-visa-for-pakistan-which-is-easier-to-get-2026,DEEPEN,0,LIVE_DEEPEN_QUEUE,
germany-vs-netherlands-visa-for-philippines-which-is-easier-to-get-2026,DEEPEN,0,LIVE_DEEPEN_QUEUE,
greece-travel-guide-2026-visa-budget-best-time-to-visit-itinerary,CUT,1,NOINDEX,
greece-visa-processing-time-from-india-how-long-it-really-takes-2026,CUT,5,LIVE_DEEPEN_QUEUE,
greece-visa-processing-time-from-pakistan-how-long-it-really-takes-2026,CUT,0,NOINDEX,
greece-visa-rule-changes-in-2026-what-travelers-need-to-know,CUT,0,NOINDEX,
green-card-vs-work-visa-key-differences-explained-2026,DEEPEN,0,LIVE_DEEPEN_QUEUE,
group-visa-vs-individual-visa-key-differences-explained-2026,CUT,4,LIVE_DEEPEN_QUEUE,
how-long-does-schengen-visa-take,KEEP,115,LIVE,
how-much-canada-visa-cost-from-india-2026,KEEP,0,LIVE,
how-much-does-a-australia-visa-cost-from-bangladesh-2026-fees-hidden-charges,CUT,0,NOINDEX,
how-much-does-a-australia-visa-cost-from-india-2026-fees-hidden-charges,CUT,10,LIVE_DEEPEN_QUEUE,
how-much-does-a-australia-visa-cost-from-nigeria-2026-fees-hidden-charges,CUT,10,LIVE_DEEPEN_QUEUE,
how-much-does-a-australia-visa-cost-from-pakistan-2026-fees-hidden-charges,CUT,8,LIVE_DEEPEN_QUEUE,
how-much-does-a-australia-visa-cost-from-philippines-2026-fees-hidden-charges,CUT,8,LIVE_DEEPEN_QUEUE,
how-much-does-a-austria-visa-cost-from-india-2026-fees-hidden-charges,CUT,3,LIVE_DEEPEN_QUEUE,
how-much-does-a-austria-visa-cost-from-pakistan-2026-fees-hidden-charges,CUT,0,NOINDEX,
how-much-does-a-azerbaijan-visa-cost-from-india-2026-fees-hidden-charges,CUT,0,NOINDEX,
how-much-does-a-azerbaijan-visa-cost-from-pakistan-2026-fees-hidden-charges,CUT,15,LIVE_DEEPEN_QUEUE,
how-much-does-a-canada-visa-cost-from-bangladesh-2026-fees-hidden-charges,CUT,0,NOINDEX,
how-much-does-a-canada-visa-cost-from-egypt-2026-fees-hidden-charges,CUT,0,NOINDEX,
how-much-does-a-canada-visa-cost-from-india-2026-fees-hidden-charges,CUT,11,LIVE_DEEPEN_QUEUE,
how-much-does-a-canada-visa-cost-from-nigeria-2026-fees-hidden-charges,CUT,10,LIVE_DEEPEN_QUEUE,
how-much-does-a-canada-visa-cost-from-pakistan-2026-fees-hidden-charges,CUT,0,NOINDEX,
how-much-does-a-canada-visa-cost-from-philippines-2026-fees-hidden-charges,CUT,11,LIVE_DEEPEN_QUEUE,
how-much-does-a-china-visa-cost-from-bangladesh-2026-fees-hidden-charges,CUT,0,NOINDEX,
how-much-does-a-china-visa-cost-from-india-2026-fees-hidden-charges,CUT,0,NOINDEX,
how-much-does-a-china-visa-cost-from-nigeria-2026-fees-hidden-charges,CUT,12,LIVE_DEEPEN_QUEUE,
how-much-does-a-china-visa-cost-from-pakistan-2026-fees-hidden-charges,CUT,1,NOINDEX,
how-much-does-a-czech-republic-visa-cost-from-india-2026-fees-hidden-charges,CUT,3,LIVE_DEEPEN_QUEUE,
how-much-does-a-denmark-visa-cost-from-india-2026-fees-hidden-charges,CUT,0,NOINDEX,
how-much-does-a-egypt-visa-cost-from-india-2026-fees-hidden-charges,CUT,4,LIVE_DEEPEN_QUEUE,
how-much-does-a-egypt-visa-cost-from-pakistan-2026-fees-hidden-charges,CUT,13,LIVE_DEEPEN_QUEUE,
how-much-does-a-finland-visa-cost-from-india-2026-fees-hidden-charges,CUT,0,NOINDEX,
how-much-does-a-france-visa-cost-from-bangladesh-2026-fees-hidden-charges,CUT,0,NOINDEX,
how-much-does-a-france-visa-cost-from-india-2026-fees-hidden-charges,CUT,2,NOINDEX,
how-much-does-a-france-visa-cost-from-nigeria-2026-fees-hidden-charges,CUT,0,NOINDEX,
how-much-does-a-france-visa-cost-from-pakistan-2026-fees-hidden-charges,CUT,0,NOINDEX,
how-much-does-a-france-visa-cost-from-philippines-2026-fees-hidden-charges,CUT,6,LIVE_DEEPEN_QUEUE,
how-much-does-a-georgia-visa-cost-from-india-2026-fees-hidden-charges,CUT,2,NOINDEX,
how-much-does-a-georgia-visa-cost-from-pakistan-2026-fees-hidden-charges,CUT,0,NOINDEX,
how-much-does-a-germany-visa-cost-from-bangladesh-2026-fees-hidden-charges,CUT,5,LIVE_DEEPEN_QUEUE,
how-much-does-a-germany-visa-cost-from-india-2026-fees-hidden-charges,CUT,2,NOINDEX,
how-much-does-a-germany-visa-cost-from-nigeria-2026-fees-hidden-charges,CUT,5,LIVE_DEEPEN_QUEUE,
how-much-does-a-germany-visa-cost-from-pakistan-2026-fees-hidden-charges,CUT,0,NOINDEX,
how-much-does-a-germany-visa-cost-from-philippines-2026-fees-hidden-charges,CUT,0,NOINDEX,
how-much-does-a-greece-visa-cost-from-bangladesh-2026-fees-hidden-charges,CUT,0,NOINDEX,
how-much-does-a-greece-visa-cost-from-india-2026-fees-hidden-charges,CUT,0,NOINDEX,
how-much-does-a-greece-visa-cost-from-nigeria-2026-fees-hidden-charges,CUT,2,NOINDEX,
how-much-does-a-greece-visa-cost-from-pakistan-2026-fees-hidden-charges,CUT,0,NOINDEX,
how-much-does-a-hungary-visa-cost-from-india-2026-fees-hidden-charges,CUT,0,NOINDEX,
how-much-does-a-indonesia-visa-cost-from-bangladesh-2026-fees-hidden-charges,CUT,0,NOINDEX,
how-much-does-a-indonesia-visa-cost-from-india-2026-fees-hidden-charges,CUT,2,NOINDEX,
how-much-does-a-indonesia-visa-cost-from-nigeria-2026-fees-hidden-charges,CUT,4,LIVE_DEEPEN_QUEUE,
how-much-does-a-indonesia-visa-cost-from-pakistan-2026-fees-hidden-charges,CUT,23,LIVE_DEEPEN_QUEUE,
how-much-does-a-ireland-visa-cost-from-india-2026-fees-hidden-charges,CUT,3,LIVE_DEEPEN_QUEUE,
how-much-does-a-ireland-visa-cost-from-pakistan-2026-fees-hidden-charges,CUT,0,NOINDEX,
how-much-does-a-italy-visa-cost-from-bangladesh-2026-fees-hidden-charges,CUT,0,NOINDEX,
how-much-does-a-italy-visa-cost-from-india-2026-fees-hidden-charges,CUT,3,LIVE_DEEPEN_QUEUE,
how-much-does-a-italy-visa-cost-from-nigeria-2026-fees-hidden-charges,CUT,3,LIVE_DEEPEN_QUEUE,
how-much-does-a-italy-visa-cost-from-pakistan-2026-fees-hidden-charges,CUT,0,NOINDEX,
how-much-does-a-italy-visa-cost-from-philippines-2026-fees-hidden-charges,CUT,9,LIVE_DEEPEN_QUEUE,
how-much-does-a-japan-visa-cost-from-bangladesh-2026-fees-hidden-charges,CUT,0,NOINDEX,
how-much-does-a-japan-visa-cost-from-india-2026-fees-hidden-charges,CUT,15,LIVE_DEEPEN_QUEUE,
how-much-does-a-japan-visa-cost-from-nigeria-2026-fees-hidden-charges,CUT,7,LIVE_DEEPEN_QUEUE,
how-much-does-a-japan-visa-cost-from-pakistan-2026-fees-hidden-charges,CUT,0,NOINDEX,
how-much-does-a-kazakhstan-visa-cost-from-india-2026-fees-hidden-charges,CUT,0,NOINDEX,
how-much-does-a-kenya-visa-cost-from-india-2026-fees-hidden-charges,CUT,3,LIVE_DEEPEN_QUEUE,
how-much-does-a-kuwait-visa-cost-from-india-2026-fees-hidden-charges,CUT,2,NOINDEX,
how-much-does-a-kuwait-visa-cost-from-pakistan-2026-fees-hidden-charges,CUT,4,LIVE_DEEPEN_QUEUE,
how-much-does-a-malaysia-visa-cost-from-bangladesh-2026-fees-hidden-charges,CUT,0,NOINDEX,
how-much-does-a-malaysia-visa-cost-from-india-2026-fees-hidden-charges,CUT,18,LIVE_DEEPEN_QUEUE,
how-much-does-a-malaysia-visa-cost-from-nigeria-2026-fees-hidden-charges,CUT,11,LIVE_DEEPEN_QUEUE,
how-much-does-a-malaysia-visa-cost-from-pakistan-2026-fees-hidden-charges,CUT,4,LIVE_DEEPEN_QUEUE,
how-much-does-a-malaysia-visa-cost-from-philippines-2026-fees-hidden-charges,CUT,1,NOINDEX,
how-much-does-a-maldives-visa-cost-from-india-2026-fees-hidden-charges,CUT,6,LIVE_DEEPEN_QUEUE,
how-much-does-a-maldives-visa-cost-from-pakistan-2026-fees-hidden-charges,CUT,2,NOINDEX,
how-much-does-a-mexico-visa-cost-from-india-2026-fees-hidden-charges,CUT,0,NOINDEX,
how-much-does-a-morocco-visa-cost-from-india-2026-fees-hidden-charges,CUT,4,LIVE_DEEPEN_QUEUE,
how-much-does-a-netherlands-visa-cost-from-bangladesh-2026-fees-hidden-charges,CUT,2,NOINDEX,
how-much-does-a-netherlands-visa-cost-from-india-2026-fees-hidden-charges,CUT,0,NOINDEX,
how-much-does-a-netherlands-visa-cost-from-nigeria-2026-fees-hidden-charges,CUT,4,LIVE_DEEPEN_QUEUE,
how-much-does-a-netherlands-visa-cost-from-pakistan-2026-fees-hidden-charges,CUT,5,LIVE_DEEPEN_QUEUE,
how-much-does-a-new-zealand-visa-cost-from-india-2026-fees-hidden-charges,CUT,5,LIVE_DEEPEN_QUEUE,
how-much-does-a-new-zealand-visa-cost-from-pakistan-2026-fees-hidden-charges,CUT,0,NOINDEX,
how-much-does-a-norway-visa-cost-from-india-2026-fees-hidden-charges,CUT,4,LIVE_DEEPEN_QUEUE,
how-much-does-a-oman-visa-cost-from-india-2026-fees-hidden-charges,CUT,2,NOINDEX,
how-much-does-a-oman-visa-cost-from-pakistan-2026-fees-hidden-charges,CUT,6,LIVE_DEEPEN_QUEUE,
how-much-does-a-poland-visa-cost-from-india-2026-fees-hidden-charges,CUT,8,LIVE_DEEPEN_QUEUE,
how-much-does-a-portugal-visa-cost-from-india-2026-fees-hidden-charges,CUT,3,LIVE_DEEPEN_QUEUE,
how-much-does-a-portugal-visa-cost-from-pakistan-2026-fees-hidden-charges,CUT,0,NOINDEX,
how-much-does-a-qatar-visa-cost-from-bangladesh-2026-fees-hidden-charges,CUT,0,NOINDEX,
how-much-does-a-qatar-visa-cost-from-india-2026-fees-hidden-charges,CUT,0,NOINDEX,
how-much-does-a-qatar-visa-cost-from-nigeria-2026-fees-hidden-charges,CUT,5,LIVE_DEEPEN_QUEUE,
how-much-does-a-qatar-visa-cost-from-pakistan-2026-fees-hidden-charges,CUT,0,NOINDEX,
how-much-does-a-qatar-visa-cost-from-philippines-2026-fees-hidden-charges,CUT,0,NOINDEX,
how-much-does-a-russia-visa-cost-from-india-2026-fees-hidden-charges,CUT,4,LIVE_DEEPEN_QUEUE,
how-much-does-a-saudi-arabia-visa-cost-from-bangladesh-2026-fees-hidden-charges,CUT,0,NOINDEX,
how-much-does-a-saudi-arabia-visa-cost-from-egypt-2026-fees-hidden-charges,CUT,23,LIVE_DEEPEN_QUEUE,
how-much-does-a-saudi-arabia-visa-cost-from-india-2026-fees-hidden-charges,CUT,11,LIVE_DEEPEN_QUEUE,
how-much-does-a-saudi-arabia-visa-cost-from-nigeria-2026-fees-hidden-charges,CUT,2,NOINDEX,
how-much-does-a-saudi-arabia-visa-cost-from-pakistan-2026-fees-hidden-charges,CUT,77,LIVE_DEEPEN_QUEUE,
how-much-does-a-saudi-arabia-visa-cost-from-philippines-2026-fees-hidden-charges,CUT,25,LIVE_DEEPEN_QUEUE,
how-much-does-a-singapore-visa-cost-from-bangladesh-2026-fees-hidden-charges,CUT,6,LIVE_DEEPEN_QUEUE,
how-much-does-a-singapore-visa-cost-from-india-2026-fees-hidden-charges,CUT,10,LIVE_DEEPEN_QUEUE,
how-much-does-a-singapore-visa-cost-from-nigeria-2026-fees-hidden-charges,CUT,0,NOINDEX,
how-much-does-a-singapore-visa-cost-from-pakistan-2026-fees-hidden-charges,CUT,0,NOINDEX,
how-much-does-a-singapore-visa-cost-from-philippines-2026-fees-hidden-charges,CUT,0,NOINDEX,
how-much-does-a-south-africa-visa-cost-from-india-2026-fees-hidden-charges,CUT,2,NOINDEX,
how-much-does-a-south-korea-visa-cost-from-bangladesh-2026-fees-hidden-charges,CUT,0,NOINDEX,
how-much-does-a-south-korea-visa-cost-from-india-2026-fees-hidden-charges,CUT,13,LIVE_DEEPEN_QUEUE,
how-much-does-a-south-korea-visa-cost-from-nigeria-2026-fees-hidden-charges,CUT,6,LIVE_DEEPEN_QUEUE,
how-much-does-a-south-korea-visa-cost-from-pakistan-2026-fees-hidden-charges,CUT,32,LIVE_DEEPEN_QUEUE,
how-much-does-a-spain-visa-cost-from-bangladesh-2026-fees-hidden-charges,CUT,7,LIVE_DEEPEN_QUEUE,
how-much-does-a-spain-visa-cost-from-india-2026-fees-hidden-charges,CUT,4,LIVE_DEEPEN_QUEUE,
how-much-does-a-spain-visa-cost-from-nigeria-2026-fees-hidden-charges,CUT,0,NOINDEX,
how-much-does-a-spain-visa-cost-from-pakistan-2026-fees-hidden-charges,CUT,9,LIVE_DEEPEN_QUEUE,
how-much-does-a-spain-visa-cost-from-philippines-2026-fees-hidden-charges,CUT,3,LIVE_DEEPEN_QUEUE,
how-much-does-a-sri-lanka-visa-cost-from-india-2026-fees-hidden-charges,CUT,0,NOINDEX,
how-much-does-a-sweden-visa-cost-from-india-2026-fees-hidden-charges,CUT,3,LIVE_DEEPEN_QUEUE,
how-much-does-a-switzerland-visa-cost-from-bangladesh-2026-fees-hidden-charges,CUT,0,NOINDEX,
how-much-does-a-switzerland-visa-cost-from-india-2026-fees-hidden-charges,CUT,3,LIVE_DEEPEN_QUEUE,
how-much-does-a-switzerland-visa-cost-from-nigeria-2026-fees-hidden-charges,CUT,3,LIVE_DEEPEN_QUEUE,
how-much-does-a-switzerland-visa-cost-from-pakistan-2026-fees-hidden-charges,CUT,0,NOINDEX,
how-much-does-a-thailand-visa-cost-from-bangladesh-2026-fees-hidden-charges,CUT,0,NOINDEX,
how-much-does-a-thailand-visa-cost-from-india-2026-fees-hidden-charges,CUT,12,LIVE_DEEPEN_QUEUE,
how-much-does-a-thailand-visa-cost-from-nigeria-2026-fees-hidden-charges,CUT,1,NOINDEX,
how-much-does-a-thailand-visa-cost-from-pakistan-2026-fees-hidden-charges,CUT,8,LIVE_DEEPEN_QUEUE,
how-much-does-a-thailand-visa-cost-from-philippines-2026-fees-hidden-charges,CUT,0,NOINDEX,
how-much-does-a-turkey-visa-cost-from-bangladesh-2026-fees-hidden-charges,CUT,0,NOINDEX,
how-much-does-a-turkey-visa-cost-from-india-2026-fees-hidden-charges,CUT,3,LIVE_DEEPEN_QUEUE,
how-much-does-a-turkey-visa-cost-from-nigeria-2026-fees-hidden-charges,CUT,0,NOINDEX,
how-much-does-a-turkey-visa-cost-from-pakistan-2026-fees-hidden-charges,CUT,0,NOINDEX,
how-much-does-a-turkey-visa-cost-from-philippines-2026-fees-hidden-charges,CUT,0,NOINDEX,
how-much-does-a-united-arab-emirates-visa-cost-from-bangladesh-2026-fees-hidden-,CUT,0,NOINDEX,
how-much-does-a-united-arab-emirates-visa-cost-from-egypt-2026-fees-hidden-charg,CUT,4,LIVE_DEEPEN_QUEUE,
how-much-does-a-united-arab-emirates-visa-cost-from-india-2026-fees-hidden-charg,CUT,0,NOINDEX,
how-much-does-a-united-arab-emirates-visa-cost-from-nepal-2026-fees-hidden-charg,CUT,4,LIVE_DEEPEN_QUEUE,
how-much-does-a-united-arab-emirates-visa-cost-from-nigeria-2026-fees-hidden-cha,CUT,0,NOINDEX,
how-much-does-a-united-arab-emirates-visa-cost-from-pakistan-2026-fees-hidden-ch,CUT,0,NOINDEX,
how-much-does-a-united-arab-emirates-visa-cost-from-philippines-2026-fees-hidden,CUT,0,NOINDEX,
how-much-does-a-united-arab-emirates-visa-cost-from-sri-lanka-2026-fees-hidden-c,CUT,0,NOINDEX,
how-much-does-a-united-kingdom-visa-cost-from-bangladesh-2026-fees-hidden-charge,CUT,0,NOINDEX,
how-much-does-a-united-kingdom-visa-cost-from-egypt-2026-fees-hidden-charges,CUT,0,NOINDEX,
how-much-does-a-united-kingdom-visa-cost-from-india-2026-fees-hidden-charges,CUT,26,LIVE_DEEPEN_QUEUE,
how-much-does-a-united-kingdom-visa-cost-from-nepal-2026-fees-hidden-charges,CUT,0,NOINDEX,
how-much-does-a-united-kingdom-visa-cost-from-nigeria-2026-fees-hidden-charges,CUT,11,LIVE_DEEPEN_QUEUE,
how-much-does-a-united-kingdom-visa-cost-from-pakistan-2026-fees-hidden-charges,CUT,0,NOINDEX,
how-much-does-a-united-kingdom-visa-cost-from-philippines-2026-fees-hidden-charg,CUT,0,NOINDEX,
how-much-does-a-united-kingdom-visa-cost-from-sri-lanka-2026-fees-hidden-charges,CUT,0,NOINDEX,
how-much-does-a-united-states-visa-cost-from-bangladesh-2026-fees-hidden-charges,CUT,4,LIVE_DEEPEN_QUEUE,
how-much-does-a-united-states-visa-cost-from-egypt-2026-fees-hidden-charges,CUT,6,LIVE_DEEPEN_QUEUE,
how-much-does-a-united-states-visa-cost-from-india-2026-fees-hidden-charges,CUT,20,LIVE_DEEPEN_QUEUE,
how-much-does-a-united-states-visa-cost-from-nepal-2026-fees-hidden-charges,CUT,5,LIVE_DEEPEN_QUEUE,
how-much-does-a-united-states-visa-cost-from-nigeria-2026-fees-hidden-charges,CUT,1,NOINDEX,
how-much-does-a-united-states-visa-cost-from-pakistan-2026-fees-hidden-charges,CUT,0,NOINDEX,
how-much-does-a-united-states-visa-cost-from-philippines-2026-fees-hidden-charge,CUT,5,LIVE_DEEPEN_QUEUE,
how-much-does-a-united-states-visa-cost-from-sri-lanka-2026-fees-hidden-charges,CUT,0,NOINDEX,
how-much-does-a-vietnam-visa-cost-from-india-2026-fees-hidden-charges,CUT,2,NOINDEX,
how-much-does-a-vietnam-visa-cost-from-pakistan-2026-fees-hidden-charges,CUT,0,NOINDEX,
how-much-maldives-visa-cost-from-india-2026,KEEP,4,LIVE,
how-much-portugal-visa-cost-from-india-2026,KEEP,3,LIVE,
how-much-saudi-arabia-visa-cost-from-india-2026,KEEP,18,LIVE,
how-much-uae-visa-cost-from-india-2026,KEEP,0,LIVE,
how-much-uae-visa-cost-from-pakistan-2026,KEEP,18,LIVE,
how-much-uk-visa-cost-from-india-2026,KEEP,0,LIVE,
how-much-uk-visa-cost-from-pakistan-2026,KEEP,0,LIVE,
how-much-us-visa-cost-from-india-2026,MERGE,20,LIVE,
how-much-us-visa-cost-from-pakistan-2026,MERGE,0,LIVE,
how-to-prepare-a-accommodation-proof-for-your-visa-application-2026-guide,CUT,0,NOINDEX,
how-to-prepare-a-affidavit-of-support-for-your-visa-application-2026-guide,CUT,0,NOINDEX,
how-to-prepare-a-bank-statement-for-your-visa-application-2026-guide,CUT,0,NOINDEX,
how-to-prepare-a-biometrics-appointment-for-your-visa-application-2026-guide,CUT,0,NOINDEX,
how-to-prepare-a-birth-certificate-for-your-visa-application-2026-guide,CUT,0,NOINDEX,
how-to-prepare-a-day-by-day-travel-plan-for-your-visa-application-2026-guide,CUT,0,NOINDEX,
how-to-prepare-a-employment-letter-for-your-visa-application-2026-guide,CUT,1,NOINDEX,
how-to-prepare-a-flight-reservation-for-your-visa-application-2026-guide,CUT,0,NOINDEX,
how-to-prepare-a-income-tax-returns-itr-for-your-visa-application-2026-guide,CUT,0,NOINDEX,
how-to-prepare-a-invitation-letter-for-your-visa-application-2026-guide,CUT,0,NOINDEX,
how-to-prepare-a-leave-letter-for-your-visa-application-2026-guide,CUT,0,NOINDEX,
how-to-prepare-a-marriage-certificate-for-your-visa-application-2026-guide,CUT,1,NOINDEX,
how-to-prepare-a-no-objection-certificate-noc-for-your-visa-application-2026-gui,CUT,1,NOINDEX,
how-to-prepare-a-police-clearance-certificate-for-your-visa-application-2026-gui,CUT,0,NOINDEX,
how-to-prepare-a-property-documents-for-your-visa-application-2026-guide,CUT,1,NOINDEX,
how-to-prepare-a-salary-slips-for-your-visa-application-2026-guide,CUT,1,NOINDEX,
how-to-prepare-a-sponsorship-letter-for-your-visa-application-2026-guide,CUT,1,NOINDEX,
how-to-prepare-a-travel-insurance-for-your-visa-application-2026-guide,CUT,0,NOINDEX,
how-to-prepare-a-travel-itinerary-for-your-visa-application-2026-guide,CUT,0,NOINDEX,
how-to-prepare-a-visa-photo-specs-sample-for-your-visa-application-2026-guide,CUT,1,NOINDEX,
how-to-write-a-winning-sop-for-a-australia-student-visa-with-sample,DEEPEN,0,LIVE_DEEPEN_QUEUE,
how-to-write-a-winning-sop-for-a-canada-student-visa-with-sample,DEEPEN,0,LIVE_DEEPEN_QUEUE,
how-to-write-a-winning-sop-for-a-france-student-visa-with-sample,MERGE,7,LIVE,
how-to-write-a-winning-sop-for-a-germany-student-visa-with-sample,DEEPEN,0,LIVE_DEEPEN_QUEUE,
how-to-write-a-winning-sop-for-a-ireland-student-visa-with-sample,MERGE,0,REDIRECT_301,/blog/how-to-write-a-winning-sop-for-a-france-student-visa-with-sample
how-to-write-a-winning-sop-for-a-new-zealand-student-visa-with-sample,KEEP,5,LIVE,
how-to-write-a-winning-sop-for-a-united-kingdom-student-visa-with-sample,MERGE,0,LIVE,
how-to-write-a-winning-sop-for-a-united-states-student-visa-with-sample,DEEPEN,0,LIVE_DEEPEN_QUEUE,
how-to-write-visa-cover-letter,DEEPEN,67,LIVE_DEEPEN_QUEUE,
hungary-travel-guide-2026-visa-budget-best-time-to-visit-itinerary,CUT,0,NOINDEX,
income-tax-returns-for-visa,DEEPEN,1,LIVE_DEEPEN_QUEUE,
income-tax-returns-itr-for-visa-format-sample-common-mistakes,CUT,0,NOINDEX,
india-to-australia-visa-requirements-2026,KEEP,21,LIVE,
india-to-australia-visa-requirements-how-to-apply-2026,MERGE,1,REDIRECT_301,/blog/pakistan-to-saudi-arabia-visa-requirements-how-to-apply-2026
india-to-austria-visa-schengen-requirements-how-to-apply-2026,CUT,0,NOINDEX,
india-to-azerbaijan-visa-requirements-2026,MERGE,0,LIVE,
india-to-azerbaijan-visa-requirements-how-to-apply-2026,CUT,0,NOINDEX,
india-to-bahrain-visa-requirements-how-to-apply-2026,CUT,1,NOINDEX,
india-to-belgium-visa-schengen-requirements-how-to-apply-2026,CUT,1,NOINDEX,
india-to-brazil-visa-requirements-how-to-apply-2026,CUT,0,NOINDEX,
india-to-canada-visa-requirements-how-to-apply-2026,CUT,0,NOINDEX,
india-to-china-visa-requirements-2026,MERGE,13,LIVE,
india-to-china-visa-requirements-how-to-apply-2026,CUT,1,NOINDEX,
india-to-croatia-visa-schengen-requirements-how-to-apply-2026,CUT,0,NOINDEX,
india-to-czech-republic-visa-schengen-requirements-how-to-apply-2026,CUT,0,NOINDEX,
india-to-denmark-visa-schengen-requirements-how-to-apply-2026,CUT,1,NOINDEX,
india-to-egypt-visa-requirements-how-to-apply-2026,CUT,1,NOINDEX,
india-to-finland-visa-schengen-requirements-how-to-apply-2026,CUT,0,NOINDEX,
india-to-france-schengen-visa-requirements-2026,MERGE,0,LIVE,
india-to-france-visa-schengen-requirements-how-to-apply-2026,CUT,1,NOINDEX,
india-to-georgia-visa-requirements-how-to-apply-2026,CUT,0,NOINDEX,
india-to-germany-schengen-visa-requirements-2026,KEEP,0,LIVE,
india-to-germany-visa-schengen-requirements-how-to-apply-2026,MERGE,0,REDIRECT_301,/blog/pakistan-to-saudi-arabia-visa-requirements-how-to-apply-2026
india-to-greece-schengen-visa-requirements-2026,MERGE,2,LIVE,
india-to-greece-visa-schengen-requirements-how-to-apply-2026,CUT,0,NOINDEX,
india-to-hungary-visa-schengen-requirements-how-to-apply-2026,CUT,2,NOINDEX,
india-to-indonesia-visa-requirements-2026,MERGE,0,LIVE,
india-to-indonesia-visa-requirements-how-to-apply-2026,CUT,0,NOINDEX,
india-to-ireland-visa-requirements-how-to-apply-2026,CUT,1,NOINDEX,
india-to-italy-schengen-visa-requirements-2026,MERGE,0,LIVE,
india-to-italy-visa-schengen-requirements-how-to-apply-2026,CUT,0,NOINDEX,
india-to-japan-visa-requirements-2026,MERGE,0,LIVE,
india-to-japan-visa-requirements-how-to-apply-2026,CUT,0,NOINDEX,
india-to-kazakhstan-visa-requirements-how-to-apply-2026,CUT,0,NOINDEX,
india-to-kenya-visa-requirements-how-to-apply-2026,CUT,0,NOINDEX,
india-to-kuwait-visa-requirements-how-to-apply-2026,CUT,0,NOINDEX,
india-to-malaysia-visa-requirements-2026,KEEP,0,LIVE,
india-to-malaysia-visa-requirements-how-to-apply-2026,MERGE,0,REDIRECT_301,/blog/pakistan-to-saudi-arabia-visa-requirements-how-to-apply-2026
india-to-maldives-visa-requirements-how-to-apply-2026,CUT,8,LIVE_DEEPEN_QUEUE,
india-to-mexico-visa-requirements-how-to-apply-2026,CUT,1,NOINDEX,
india-to-morocco-visa-requirements-how-to-apply-2026,CUT,0,NOINDEX,
india-to-netherlands-schengen-visa-requirements-2026,MERGE,6,LIVE,
india-to-netherlands-visa-schengen-requirements-how-to-apply-2026,CUT,0,NOINDEX,
india-to-new-zealand-visa-requirements-how-to-apply-2026,CUT,0,NOINDEX,
india-to-norway-visa-schengen-requirements-how-to-apply-2026,CUT,3,LIVE_DEEPEN_QUEUE,
india-to-oman-visa-requirements-how-to-apply-2026,CUT,0,NOINDEX,
india-to-poland-visa-schengen-requirements-how-to-apply-2026,CUT,0,NOINDEX,
india-to-portugal-visa-schengen-requirements-how-to-apply-2026,CUT,0,NOINDEX,
india-to-qatar-visa-requirements-2026,KEEP,1,LIVE,
india-to-qatar-visa-requirements-how-to-apply-2026,MERGE,0,REDIRECT_301,/blog/pakistan-to-saudi-arabia-visa-requirements-how-to-apply-2026
india-to-russia-visa-requirements-how-to-apply-2026,CUT,3,LIVE_DEEPEN_QUEUE,
india-to-saudi-arabia-visa-requirements-2026,MERGE,0,LIVE,
india-to-saudi-arabia-visa-requirements-how-to-apply-2026,CUT,1,NOINDEX,
india-to-singapore-visa-requirements-2026,KEEP,5,LIVE,
india-to-singapore-visa-requirements-how-to-apply-2026,MERGE,1,REDIRECT_301,/blog/pakistan-to-saudi-arabia-visa-requirements-how-to-apply-2026
india-to-south-africa-visa-requirements-how-to-apply-2026,CUT,5,LIVE_DEEPEN_QUEUE,
india-to-south-korea-visa-requirements-how-to-apply-2026,CUT,0,NOINDEX,
india-to-spain-schengen-visa-requirements-2026,MERGE,3,REDIRECT_301,/blog/pakistan-to-spain-schengen-visa-requirements-2026
india-to-spain-visa-schengen-requirements-how-to-apply-2026,CUT,0,NOINDEX,
india-to-sri-lanka-visa-requirements-how-to-apply-2026,CUT,0,NOINDEX,
india-to-sweden-visa-schengen-requirements-how-to-apply-2026,CUT,0,NOINDEX,
india-to-switzerland-schengen-visa-requirements-2026,MERGE,0,REDIRECT_301,/blog/pakistan-to-switzerland-schengen-visa-requirements-2026
india-to-switzerland-visa-schengen-requirements-how-to-apply-2026,CUT,0,NOINDEX,
india-to-thailand-visa-requirements-how-to-apply-2026,CUT,3,LIVE_DEEPEN_QUEUE,
india-to-turkey-visa-requirements-how-to-apply-2026,CUT,0,NOINDEX,
india-to-united-arab-emirates-visa-requirements-how-to-apply-2026,CUT,0,NOINDEX,
india-to-united-kingdom-visa-requirements-how-to-apply-2026,CUT,0,NOINDEX,
india-to-united-states-visa-requirements-how-to-apply-2026,CUT,0,NOINDEX,
india-to-vietnam-visa-requirements-2026,MERGE,1,LIVE,
india-to-vietnam-visa-requirements-how-to-apply-2026,CUT,0,NOINDEX,
indonesia-travel-guide-2026-visa-budget-best-time-to-visit-itinerary,CUT,3,LIVE_DEEPEN_QUEUE,
indonesia-visa-processing-time-from-india-how-long-it-really-takes-2026,CUT,1,NOINDEX,
indonesia-visa-processing-time-from-pakistan-how-long-it-really-takes-2026,CUT,0,NOINDEX,
indonesia-visa-rule-changes-in-2026-what-travelers-need-to-know,CUT,0,NOINDEX,
invitation-letter-for-visa,DEEPEN,0,LIVE_DEEPEN_QUEUE,
invitation-letter-for-visa-format-sample-common-mistakes,CUT,0,NOINDEX,
ireland-student-visa-financial-requirements-2026-proof-of-funds-explained,DEEPEN,41,LIVE_DEEPEN_QUEUE,
ireland-student-visa-for-india-students-2026-complete-step-by-step-guide,DEEPEN,0,LIVE_DEEPEN_QUEUE,
ireland-travel-guide-2026-visa-budget-best-time-to-visit-itinerary,DEEPEN,0,LIVE_DEEPEN_QUEUE,
ireland-visa-processing-time-from-india-how-long-it-really-takes-2026,DEEPEN,3,LIVE_DEEPEN_QUEUE,
ireland-visa-refused-how-to-reapply-successfully-step-by-step,DEEPEN,0,LIVE_DEEPEN_QUEUE,
ireland-visa-rule-changes-in-2026-what-travelers-need-to-know,DEEPEN,3,LIVE_DEEPEN_QUEUE,
ireland-vs-united-kingdom-visa-for-bangladesh-which-is-easier-to-get-2026,DEEPEN,1,LIVE_DEEPEN_QUEUE,
ireland-vs-united-kingdom-visa-for-india-which-is-easier-to-get-2026,DEEPEN,0,LIVE_DEEPEN_QUEUE,
ireland-vs-united-kingdom-visa-for-nigeria-which-is-easier-to-get-2026,DEEPEN,2,LIVE_DEEPEN_QUEUE,
ireland-vs-united-kingdom-visa-for-pakistan-which-is-easier-to-get-2026,DEEPEN,0,LIVE_DEEPEN_QUEUE,
ireland-vs-united-kingdom-visa-for-philippines-which-is-easier-to-get-2026,DEEPEN,3,LIVE_DEEPEN_QUEUE,
istanbul-travel-guide-top-things-to-do-costs-visa-tips-2026,CUT,0,NOINDEX,
italy-student-visa-for-india-students-2026-complete-step-by-step-guide,DEEPEN,0,LIVE_DEEPEN_QUEUE,
italy-student-visa-for-pakistan-students-2026-complete-step-by-step-guide,DEEPEN,0,LIVE_DEEPEN_QUEUE,
italy-travel-guide-2026-visa-budget-best-time-to-visit-itinerary,DEEPEN,0,LIVE_DEEPEN_QUEUE,
italy-visa-processing-time-from-bangladesh-how-long-it-really-takes-2026,DEEPEN,0,LIVE_DEEPEN_QUEUE,
italy-visa-processing-time-from-india-2026,MERGE,7,LIVE,
italy-visa-processing-time-from-india-how-long-it-really-takes-2026,DEEPEN,7,LIVE_DEEPEN_QUEUE,
italy-visa-processing-time-from-nigeria-how-long-it-really-takes-2026,DEEPEN,4,LIVE_DEEPEN_QUEUE,
italy-visa-processing-time-from-pakistan-how-long-it-really-takes-2026,DEEPEN,0,LIVE_DEEPEN_QUEUE,
italy-visa-refused-how-to-reapply-successfully-step-by-step,DEEPEN,0,LIVE_DEEPEN_QUEUE,
italy-visa-rule-changes-in-2026-what-travelers-need-to-know,DEEPEN,1,LIVE_DEEPEN_QUEUE,
italy-vs-spain-visa-for-bangladesh-which-is-easier-to-get-2026,DEEPEN,0,LIVE_DEEPEN_QUEUE,
italy-vs-spain-visa-for-india-which-is-easier-to-get-2026,DEEPEN,2,LIVE_DEEPEN_QUEUE,
italy-vs-spain-visa-for-nigeria-which-is-easier-to-get-2026,DEEPEN,3,LIVE_DEEPEN_QUEUE,
italy-vs-spain-visa-for-pakistan-which-is-easier-to-get-2026,DEEPEN,1,LIVE_DEEPEN_QUEUE,
japan-tourist-visa-pakistanis-how-to-apply,KEEP,48,LIVE,
japan-travel-guide-2026-visa-budget-best-time-to-visit-itinerary,DEEPEN,6,LIVE_DEEPEN_QUEUE,
japan-visa-processing-time-from-india-how-long-it-really-takes-2026,DEEPEN,0,LIVE_DEEPEN_QUEUE,
japan-visa-processing-time-from-pakistan-how-long-it-really-takes-2026,DEEPEN,0,LIVE_DEEPEN_QUEUE,
japan-visa-refused-how-to-reapply-successfully-step-by-step,DEEPEN,0,LIVE_DEEPEN_QUEUE,
japan-visa-rule-changes-in-2026-what-travelers-need-to-know,DEEPEN,9,LIVE_DEEPEN_QUEUE,
japan-vs-south-korea-visa-for-bangladesh-which-is-easier-to-get-2026,DEEPEN,2,LIVE_DEEPEN_QUEUE,
japan-vs-south-korea-visa-for-india-which-is-easier-to-get-2026,DEEPEN,9,LIVE_DEEPEN_QUEUE,
japan-vs-south-korea-visa-for-nigeria-which-is-easier-to-get-2026,DEEPEN,0,LIVE_DEEPEN_QUEUE,
japan-vs-south-korea-visa-for-pakistan-which-is-easier-to-get-2026,DEEPEN,2,LIVE_DEEPEN_QUEUE,
kazakhstan-travel-guide-2026-visa-budget-best-time-to-visit-itinerary,CUT,4,LIVE_DEEPEN_QUEUE,
kazakhstan-visa-rule-changes-in-2026-what-travelers-need-to-know,CUT,0,NOINDEX,
kenya-travel-guide-2026-visa-budget-best-time-to-visit-itinerary,CUT,0,NOINDEX,
kenya-visa-rule-changes-in-2026-what-travelers-need-to-know,CUT,0,NOINDEX,
kuala-lumpur-travel-guide-top-things-to-do-costs-visa-tips-2026,CUT,0,NOINDEX,
kuwait-travel-guide-2026-visa-budget-best-time-to-visit-itinerary,CUT,0,NOINDEX,
kuwait-visa-processing-time-from-india-how-long-it-really-takes-2026,CUT,0,NOINDEX,
kuwait-visa-rule-changes-in-2026-what-travelers-need-to-know,CUT,1,NOINDEX,
leave-letter-for-visa-format-sample-common-mistakes,CUT,1,NOINDEX,
london-travel-guide-top-things-to-do-costs-visa-tips-2026,CUT,0,NOINDEX,
long-stay-vs-short-stay-visa-key-differences-explained-2026,CUT,4,LIVE_DEEPEN_QUEUE,
malaysia-travel-guide-2026-visa-budget-best-time-to-visit-itinerary,DEEPEN,2,LIVE_DEEPEN_QUEUE,
malaysia-visa-pakistanis,KEEP,17,LIVE,
malaysia-visa-processing-time-from-bangladesh-how-long-it-really-takes-2026,DEEPEN,15,LIVE_DEEPEN_QUEUE,
malaysia-visa-processing-time-from-india-how-long-it-really-takes-2026,DEEPEN,3,LIVE_DEEPEN_QUEUE,
malaysia-visa-processing-time-from-nigeria-how-long-it-really-takes-2026,DEEPEN,4,LIVE_DEEPEN_QUEUE,
malaysia-visa-processing-time-from-pakistan-how-long-it-really-takes-2026,DEEPEN,7,LIVE_DEEPEN_QUEUE,
malaysia-visa-refused-how-to-reapply-successfully-step-by-step,DEEPEN,0,LIVE_DEEPEN_QUEUE,
malaysia-visa-rule-changes-in-2026-what-travelers-need-to-know,DEEPEN,0,LIVE_DEEPEN_QUEUE,
malaysia-vs-thailand-visa-for-bangladesh-which-is-easier-to-get-2026,DEEPEN,1,LIVE_DEEPEN_QUEUE,
malaysia-vs-thailand-visa-for-india-which-is-easier-to-get-2026,DEEPEN,1,LIVE_DEEPEN_QUEUE,
malaysia-vs-thailand-visa-for-nigeria-which-is-easier-to-get-2026,DEEPEN,1,LIVE_DEEPEN_QUEUE,
malaysia-vs-thailand-visa-for-pakistan-which-is-easier-to-get-2026,DEEPEN,0,LIVE_DEEPEN_QUEUE,
malaysia-vs-thailand-visa-for-philippines-which-is-easier-to-get-2026,DEEPEN,0,LIVE_DEEPEN_QUEUE,
maldives-travel-guide-2026-visa-budget-best-time-to-visit-itinerary,CUT,2,NOINDEX,
maldives-visa-processing-time-from-india-how-long-it-really-takes-2026,CUT,1,NOINDEX,
maldives-visa-rule-changes-in-2026-what-travelers-need-to-know,CUT,0,NOINDEX,
male-travel-guide-top-things-to-do-costs-visa-tips-2026,CUT,0,NOINDEX,
marriage-certificate-for-visa-format-sample-common-mistakes,CUT,0,NOINDEX,
mexico-travel-guide-2026-visa-budget-best-time-to-visit-itinerary,CUT,0,NOINDEX,
morocco-travel-guide-2026-visa-budget-best-time-to-visit-itinerary,CUT,0,NOINDEX,
morocco-visa-rule-changes-in-2026-what-travelers-need-to-know,CUT,0,NOINDEX,
nepal-to-australia-visa-requirements-how-to-apply-2026,CUT,4,LIVE_DEEPEN_QUEUE,
nepal-to-canada-visa-requirements-how-to-apply-2026,MERGE,0,LIVE,
nepal-to-france-visa-schengen-requirements-how-to-apply-2026,CUT,3,LIVE_DEEPEN_QUEUE,
nepal-to-germany-visa-schengen-requirements-how-to-apply-2026,CUT,0,NOINDEX,
nepal-to-italy-visa-schengen-requirements-how-to-apply-2026,CUT,6,LIVE_DEEPEN_QUEUE,
nepal-to-malaysia-visa-requirements-how-to-apply-2026,CUT,7,LIVE_DEEPEN_QUEUE,
nepal-to-qatar-visa-requirements-how-to-apply-2026,CUT,7,LIVE_DEEPEN_QUEUE,
nepal-to-saudi-arabia-visa-requirements-how-to-apply-2026,DEEPEN,0,LIVE_DEEPEN_QUEUE,
nepal-to-singapore-visa-requirements-how-to-apply-2026,CUT,12,LIVE_DEEPEN_QUEUE,
nepal-to-spain-visa-schengen-requirements-how-to-apply-2026,CUT,2,NOINDEX,
nepal-to-thailand-visa-requirements-how-to-apply-2026,CUT,1,NOINDEX,
nepal-to-turkey-visa-requirements-how-to-apply-2026,CUT,2,NOINDEX,
nepal-to-united-arab-emirates-visa-requirements-how-to-apply-2026,DEEPEN,3,LIVE_DEEPEN_QUEUE,
nepal-to-united-kingdom-visa-requirements-how-to-apply-2026,CUT,18,LIVE_DEEPEN_QUEUE,
nepal-to-united-states-visa-requirements-how-to-apply-2026,DEEPEN,0,LIVE_DEEPEN_QUEUE,
netherlands-student-visa-for-india-students-2026-complete-step-by-step-guide,DEEPEN,1,LIVE_DEEPEN_QUEUE,
netherlands-student-visa-for-pakistan-students-2026-complete-step-by-step-guide,DEEPEN,0,LIVE_DEEPEN_QUEUE,
netherlands-travel-guide-2026-visa-budget-best-time-to-visit-itinerary,DEEPEN,1,LIVE_DEEPEN_QUEUE,
netherlands-visa-processing-time-from-india-how-long-it-really-takes-2026,DEEPEN,4,LIVE_DEEPEN_QUEUE,
netherlands-visa-processing-time-from-pakistan-how-long-it-really-takes-2026,DEEPEN,0,LIVE_DEEPEN_QUEUE,
netherlands-visa-refused-how-to-reapply-successfully-step-by-step,DEEPEN,0,LIVE_DEEPEN_QUEUE,
netherlands-visa-rule-changes-in-2026-what-travelers-need-to-know,DEEPEN,0,LIVE_DEEPEN_QUEUE,
new-york-travel-guide-top-things-to-do-costs-visa-tips-2026,CUT,0,NOINDEX,
new-zealand-student-visa-financial-requirements-2026-proof-of-funds-explained,DEEPEN,17,LIVE_DEEPEN_QUEUE,
new-zealand-student-visa-for-india-students-2026-complete-step-by-step-guide,DEEPEN,8,LIVE_DEEPEN_QUEUE,
new-zealand-travel-guide-2026-visa-budget-best-time-to-visit-itinerary,CUT,0,NOINDEX,
new-zealand-visa-processing-time-from-india-how-long-it-really-takes-2026,CUT,8,LIVE_DEEPEN_QUEUE,
new-zealand-visa-refused-how-to-reapply-successfully-step-by-step,CUT,3,LIVE_DEEPEN_QUEUE,
new-zealand-visa-rule-changes-in-2026-what-travelers-need-to-know,CUT,0,NOINDEX,
nigeria-to-australia-visa-requirements-2026,MERGE,0,REDIRECT_301,/blog/bangladesh-to-australia-visa-requirements-2026
nigeria-to-australia-visa-requirements-how-to-apply-2026,CUT,0,NOINDEX,
nigeria-to-austria-visa-schengen-requirements-how-to-apply-2026,CUT,0,NOINDEX,
nigeria-to-azerbaijan-visa-requirements-how-to-apply-2026,CUT,0,NOINDEX,
nigeria-to-bahrain-visa-requirements-how-to-apply-2026,CUT,0,NOINDEX,
nigeria-to-belgium-visa-schengen-requirements-how-to-apply-2026,CUT,1,NOINDEX,
nigeria-to-canada-visa-requirements-how-to-apply-2026,CUT,0,NOINDEX,
nigeria-to-china-visa-requirements-how-to-apply-2026,CUT,0,NOINDEX,
nigeria-to-croatia-visa-schengen-requirements-how-to-apply-2026,CUT,2,NOINDEX,
nigeria-to-czech-republic-visa-schengen-requirements-how-to-apply-2026,CUT,3,LIVE_DEEPEN_QUEUE,
nigeria-to-denmark-visa-schengen-requirements-how-to-apply-2026,CUT,0,NOINDEX,
nigeria-to-egypt-visa-requirements-how-to-apply-2026,CUT,0,NOINDEX,
nigeria-to-finland-visa-schengen-requirements-how-to-apply-2026,CUT,2,NOINDEX,
nigeria-to-france-schengen-visa-requirements-2026,MERGE,4,LIVE,
nigeria-to-france-visa-schengen-requirements-how-to-apply-2026,CUT,0,NOINDEX,
nigeria-to-georgia-visa-requirements-how-to-apply-2026,CUT,8,LIVE_DEEPEN_QUEUE,
nigeria-to-germany-schengen-visa-requirements-2026,MERGE,0,REDIRECT_301,/blog/nigeria-to-france-schengen-visa-requirements-2026
nigeria-to-germany-visa-schengen-requirements-how-to-apply-2026,CUT,0,NOINDEX,
nigeria-to-greece-visa-schengen-requirements-how-to-apply-2026,CUT,2,NOINDEX,
nigeria-to-hungary-visa-schengen-requirements-how-to-apply-2026,CUT,0,NOINDEX,
nigeria-to-indonesia-visa-requirements-how-to-apply-2026,CUT,0,NOINDEX,
nigeria-to-ireland-visa-requirements-how-to-apply-2026,CUT,1,NOINDEX,
nigeria-to-italy-visa-schengen-requirements-how-to-apply-2026,CUT,1,NOINDEX,
nigeria-to-japan-visa-requirements-how-to-apply-2026,CUT,0,NOINDEX,
nigeria-to-kazakhstan-visa-requirements-how-to-apply-2026,CUT,4,LIVE_DEEPEN_QUEUE,
nigeria-to-kenya-visa-requirements-how-to-apply-2026,CUT,0,NOINDEX,
nigeria-to-kuwait-visa-requirements-how-to-apply-2026,CUT,15,LIVE_DEEPEN_QUEUE,
nigeria-to-malaysia-visa-requirements-how-to-apply-2026,CUT,10,LIVE_DEEPEN_QUEUE,
nigeria-to-maldives-visa-requirements-how-to-apply-2026,CUT,10,LIVE_DEEPEN_QUEUE,
nigeria-to-mexico-visa-requirements-how-to-apply-2026,CUT,6,LIVE_DEEPEN_QUEUE,
nigeria-to-morocco-visa-requirements-how-to-apply-2026,CUT,2,NOINDEX,
nigeria-to-netherlands-visa-schengen-requirements-how-to-apply-2026,CUT,1,NOINDEX,
nigeria-to-new-zealand-visa-requirements-how-to-apply-2026,CUT,0,NOINDEX,
nigeria-to-norway-visa-schengen-requirements-how-to-apply-2026,CUT,0,NOINDEX,
nigeria-to-oman-visa-requirements-how-to-apply-2026,CUT,4,LIVE_DEEPEN_QUEUE,
nigeria-to-poland-visa-schengen-requirements-how-to-apply-2026,CUT,0,NOINDEX,
nigeria-to-portugal-visa-schengen-requirements-how-to-apply-2026,CUT,5,LIVE_DEEPEN_QUEUE,
nigeria-to-qatar-visa-requirements-how-to-apply-2026,CUT,1,NOINDEX,
nigeria-to-russia-visa-requirements-how-to-apply-2026,CUT,0,NOINDEX,
nigeria-to-saudi-arabia-visa-requirements-how-to-apply-2026,CUT,5,LIVE_DEEPEN_QUEUE,
nigeria-to-singapore-visa-requirements-how-to-apply-2026,CUT,3,LIVE_DEEPEN_QUEUE,
nigeria-to-south-africa-visa-requirements-how-to-apply-2026,CUT,0,NOINDEX,
nigeria-to-south-korea-visa-requirements-how-to-apply-2026,CUT,5,LIVE_DEEPEN_QUEUE,
nigeria-to-spain-visa-schengen-requirements-how-to-apply-2026,CUT,0,NOINDEX,
nigeria-to-sri-lanka-visa-requirements-how-to-apply-2026,CUT,0,NOINDEX,
nigeria-to-sweden-visa-schengen-requirements-how-to-apply-2026,CUT,1,NOINDEX,
nigeria-to-switzerland-visa-schengen-requirements-how-to-apply-2026,CUT,1,NOINDEX,
nigeria-to-thailand-visa-requirements-2026,MERGE,0,LIVE,
nigeria-to-thailand-visa-requirements-how-to-apply-2026,CUT,0,NOINDEX,
nigeria-to-turkey-visa-requirements-2026,KEEP,4,LIVE,
nigeria-to-turkey-visa-requirements-how-to-apply-2026,MERGE,1,REDIRECT_301,/blog/pakistan-to-saudi-arabia-visa-requirements-how-to-apply-2026
nigeria-to-uae-visa-requirements-2026,KEEP,9,LIVE,
nigeria-to-united-arab-emirates-visa-requirements-how-to-apply-2026,CUT,1,NOINDEX,
nigeria-to-united-kingdom-visa-requirements-how-to-apply-2026,CUT,1,NOINDEX,
nigeria-to-united-states-visa-requirements-how-to-apply-2026,CUT,2,NOINDEX,
nigeria-to-vietnam-visa-requirements-how-to-apply-2026,CUT,0,NOINDEX,
no-objection-certificate-noc-for-visa-format-sample-common-mistakes,CUT,3,LIVE_DEEPEN_QUEUE,
norway-travel-guide-2026-visa-budget-best-time-to-visit-itinerary,DEEPEN,1,LIVE_DEEPEN_QUEUE,
oman-travel-guide-2026-visa-budget-best-time-to-visit-itinerary,CUT,0,NOINDEX,
oman-visa-processing-time-from-india-how-long-it-really-takes-2026,CUT,4,LIVE_DEEPEN_QUEUE,
oman-visa-rule-changes-in-2026-what-travelers-need-to-know,CUT,1,NOINDEX,
pakistan-to-australia-visa-requirements-2026,KEEP,0,LIVE,
pakistan-to-australia-visa-requirements-how-to-apply-2026,MERGE,7,REDIRECT_301,/blog/pakistan-to-saudi-arabia-visa-requirements-how-to-apply-2026
pakistan-to-austria-visa-schengen-requirements-how-to-apply-2026,CUT,0,NOINDEX,
pakistan-to-azerbaijan-visa-requirements-2026,KEEP,4,LIVE,
pakistan-to-azerbaijan-visa-requirements-how-to-apply-2026,MERGE,0,REDIRECT_301,/blog/pakistan-to-saudi-arabia-visa-requirements-how-to-apply-2026
pakistan-to-bahrain-visa-requirements-how-to-apply-2026,CUT,2,NOINDEX,
pakistan-to-belgium-visa-schengen-requirements-how-to-apply-2026,CUT,4,LIVE_DEEPEN_QUEUE,
pakistan-to-brazil-visa-requirements-how-to-apply-2026,CUT,10,LIVE_DEEPEN_QUEUE,
pakistan-to-canada-visa-requirements-how-to-apply-2026,CUT,1,NOINDEX,
pakistan-to-china-visa-requirements-2026,MERGE,11,LIVE,
pakistan-to-china-visa-requirements-how-to-apply-2026,CUT,10,LIVE_DEEPEN_QUEUE,
pakistan-to-croatia-visa-schengen-requirements-how-to-apply-2026,CUT,17,LIVE_DEEPEN_QUEUE,
pakistan-to-czech-republic-visa-schengen-requirements-how-to-apply-2026,CUT,4,LIVE_DEEPEN_QUEUE,
pakistan-to-denmark-visa-schengen-requirements-how-to-apply-2026,CUT,0,NOINDEX,
pakistan-to-egypt-visa-requirements-how-to-apply-2026,CUT,0,NOINDEX,
pakistan-to-finland-visa-schengen-requirements-how-to-apply-2026,CUT,1,NOINDEX,
pakistan-to-france-schengen-visa-requirements-2026,MERGE,0,REDIRECT_301,/blog/nigeria-to-france-schengen-visa-requirements-2026
pakistan-to-france-visa-schengen-requirements-how-to-apply-2026,CUT,1,NOINDEX,
pakistan-to-georgia-visa-requirements-how-to-apply-2026,CUT,0,NOINDEX,
pakistan-to-germany-schengen-visa-requirements-2026,MERGE,0,REDIRECT_301,/blog/nigeria-to-france-schengen-visa-requirements-2026
pakistan-to-germany-visa-schengen-requirements-how-to-apply-2026,CUT,2,NOINDEX,
pakistan-to-greece-schengen-visa-requirements-2026,MERGE,0,REDIRECT_301,/blog/india-to-greece-schengen-visa-requirements-2026
pakistan-to-greece-visa-schengen-requirements-how-to-apply-2026,CUT,0,NOINDEX,
pakistan-to-hungary-visa-schengen-requirements-how-to-apply-2026,CUT,0,NOINDEX,
pakistan-to-indonesia-visa-requirements-2026,MERGE,0,LIVE,
pakistan-to-indonesia-visa-requirements-how-to-apply-2026,CUT,2,NOINDEX,
pakistan-to-ireland-visa-requirements-how-to-apply-2026,CUT,0,NOINDEX,
pakistan-to-italy-schengen-visa-requirements-2026,MERGE,2,LIVE,
pakistan-to-italy-visa-schengen-requirements-how-to-apply-2026,CUT,5,LIVE_DEEPEN_QUEUE,
pakistan-to-japan-visa-requirements-2026,MERGE,9,LIVE,
pakistan-to-japan-visa-requirements-how-to-apply-2026,CUT,10,LIVE_DEEPEN_QUEUE,
pakistan-to-kazakhstan-visa-requirements-how-to-apply-2026,CUT,14,LIVE_DEEPEN_QUEUE,
pakistan-to-kenya-visa-requirements-how-to-apply-2026,CUT,0,NOINDEX,
pakistan-to-kuwait-visa-requirements-how-to-apply-2026,CUT,12,LIVE_DEEPEN_QUEUE,
pakistan-to-malaysia-visa-requirements-2026,MERGE,5,LIVE,
pakistan-to-malaysia-visa-requirements-how-to-apply-2026,CUT,7,LIVE_DEEPEN_QUEUE,
pakistan-to-maldives-visa-requirements-how-to-apply-2026,CUT,0,NOINDEX,
pakistan-to-mexico-visa-requirements-how-to-apply-2026,CUT,0,NOINDEX,
pakistan-to-morocco-visa-requirements-how-to-apply-2026,CUT,0,NOINDEX,
pakistan-to-netherlands-schengen-visa-requirements-2026,MERGE,0,REDIRECT_301,/blog/india-to-netherlands-schengen-visa-requirements-2026
pakistan-to-netherlands-visa-schengen-requirements-how-to-apply-2026,CUT,0,NOINDEX,
pakistan-to-new-zealand-visa-requirements-how-to-apply-2026,CUT,0,NOINDEX,
pakistan-to-norway-visa-schengen-requirements-how-to-apply-2026,CUT,0,NOINDEX,
pakistan-to-oman-visa-requirements-how-to-apply-2026,CUT,29,LIVE_DEEPEN_QUEUE,
pakistan-to-poland-visa-schengen-requirements-how-to-apply-2026,CUT,2,NOINDEX,
pakistan-to-portugal-visa-schengen-requirements-how-to-apply-2026,CUT,0,NOINDEX,
pakistan-to-qatar-visa-requirements-2026,MERGE,1,LIVE,
pakistan-to-qatar-visa-requirements-how-to-apply-2026,CUT,13,LIVE_DEEPEN_QUEUE,
pakistan-to-russia-visa-requirements-how-to-apply-2026,CUT,5,LIVE_DEEPEN_QUEUE,
pakistan-to-saudi-arabia-visa-requirements-2026,KEEP,4,LIVE,
pakistan-to-saudi-arabia-visa-requirements-how-to-apply-2026,MERGE,8,LIVE,
pakistan-to-singapore-visa-requirements-2026,MERGE,6,LIVE,
pakistan-to-singapore-visa-requirements-how-to-apply-2026,CUT,3,LIVE_DEEPEN_QUEUE,
pakistan-to-south-africa-visa-requirements-how-to-apply-2026,CUT,0,NOINDEX,
pakistan-to-south-korea-visa-requirements-2026,MERGE,0,LIVE,
pakistan-to-south-korea-visa-requirements-how-to-apply-2026,CUT,6,LIVE_DEEPEN_QUEUE,
pakistan-to-spain-schengen-visa-requirements-2026,MERGE,15,LIVE,
pakistan-to-spain-visa-schengen-requirements-how-to-apply-2026,CUT,3,LIVE_DEEPEN_QUEUE,
pakistan-to-sri-lanka-visa-requirements-how-to-apply-2026,CUT,4,LIVE_DEEPEN_QUEUE,
pakistan-to-sweden-visa-schengen-requirements-how-to-apply-2026,CUT,1,NOINDEX,
pakistan-to-switzerland-schengen-visa-requirements-2026,MERGE,4,LIVE,
pakistan-to-switzerland-visa-schengen-requirements-how-to-apply-2026,CUT,1,NOINDEX,
pakistan-to-thailand-visa-requirements-2026,MERGE,0,LIVE,
pakistan-to-thailand-visa-requirements-how-to-apply-2026,CUT,4,LIVE_DEEPEN_QUEUE,
pakistan-to-turkey-visa-requirements-2026,KEEP,11,LIVE,
pakistan-to-turkey-visa-requirements-how-to-apply-2026,MERGE,0,REDIRECT_301,/blog/pakistan-to-saudi-arabia-visa-requirements-how-to-apply-2026
pakistan-to-united-arab-emirates-visa-requirements-how-to-apply-2026,CUT,0,NOINDEX,
pakistan-to-united-kingdom-visa-requirements-how-to-apply-2026,CUT,2,NOINDEX,
pakistan-to-united-states-visa-requirements-how-to-apply-2026,CUT,4,LIVE_DEEPEN_QUEUE,
pakistan-to-vietnam-visa-requirements-2026,MERGE,2,LIVE,
pakistan-to-vietnam-visa-requirements-how-to-apply-2026,CUT,2,NOINDEX,
paper-vs-online-visa-application-key-differences-explained-2026,CUT,0,NOINDEX,
paris-travel-guide-top-things-to-do-costs-visa-tips-2026,CUT,0,NOINDEX,
passport-renewal-guide-pakistan,KEEP,46,LIVE,
philippines-to-australia-visa-requirements-how-to-apply-2026,CUT,1,NOINDEX,
philippines-to-austria-visa-schengen-requirements-how-to-apply-2026,CUT,0,NOINDEX,
philippines-to-azerbaijan-visa-requirements-how-to-apply-2026,CUT,0,NOINDEX,
philippines-to-canada-visa-requirements-how-to-apply-2026,CUT,3,LIVE_DEEPEN_QUEUE,
philippines-to-china-visa-requirements-how-to-apply-2026,CUT,4,LIVE_DEEPEN_QUEUE,
philippines-to-egypt-visa-requirements-how-to-apply-2026,CUT,4,LIVE_DEEPEN_QUEUE,
philippines-to-france-visa-schengen-requirements-how-to-apply-2026,CUT,2,NOINDEX,
philippines-to-georgia-visa-requirements-how-to-apply-2026,CUT,6,LIVE_DEEPEN_QUEUE,
philippines-to-germany-visa-schengen-requirements-how-to-apply-2026,CUT,5,LIVE_DEEPEN_QUEUE,
philippines-to-greece-visa-schengen-requirements-how-to-apply-2026,CUT,4,LIVE_DEEPEN_QUEUE,
philippines-to-indonesia-visa-requirements-how-to-apply-2026,CUT,2,NOINDEX,
philippines-to-ireland-visa-requirements-how-to-apply-2026,CUT,9,LIVE_DEEPEN_QUEUE,
philippines-to-italy-visa-schengen-requirements-how-to-apply-2026,CUT,5,LIVE_DEEPEN_QUEUE,
philippines-to-japan-visa-requirements-how-to-apply-2026,CUT,0,NOINDEX,
philippines-to-kuwait-visa-requirements-how-to-apply-2026,CUT,2,NOINDEX,
philippines-to-malaysia-visa-requirements-how-to-apply-2026,CUT,0,NOINDEX,
philippines-to-maldives-visa-requirements-how-to-apply-2026,CUT,3,LIVE_DEEPEN_QUEUE,
philippines-to-netherlands-visa-schengen-requirements-how-to-apply-2026,CUT,1,NOINDEX,
philippines-to-new-zealand-visa-requirements-how-to-apply-2026,CUT,3,LIVE_DEEPEN_QUEUE,
philippines-to-oman-visa-requirements-how-to-apply-2026,CUT,2,NOINDEX,
philippines-to-portugal-visa-schengen-requirements-how-to-apply-2026,CUT,5,LIVE_DEEPEN_QUEUE,
philippines-to-qatar-visa-requirements-how-to-apply-2026,CUT,6,LIVE_DEEPEN_QUEUE,
philippines-to-saudi-arabia-visa-requirements-how-to-apply-2026,CUT,0,NOINDEX,
philippines-to-singapore-visa-requirements-how-to-apply-2026,CUT,11,LIVE_DEEPEN_QUEUE,
philippines-to-south-korea-visa-requirements-how-to-apply-2026,CUT,0,NOINDEX,
philippines-to-spain-visa-schengen-requirements-how-to-apply-2026,CUT,1,NOINDEX,
philippines-to-switzerland-visa-schengen-requirements-how-to-apply-2026,CUT,0,NOINDEX,
philippines-to-thailand-visa-requirements-how-to-apply-2026,CUT,0,NOINDEX,
philippines-to-turkey-visa-requirements-how-to-apply-2026,CUT,0,NOINDEX,
philippines-to-united-arab-emirates-visa-requirements-how-to-apply-2026,CUT,0,NOINDEX,
philippines-to-united-kingdom-visa-requirements-how-to-apply-2026,CUT,3,LIVE_DEEPEN_QUEUE,
philippines-to-united-states-visa-requirements-how-to-apply-2026,CUT,1,NOINDEX,
philippines-to-vietnam-visa-requirements-how-to-apply-2026,CUT,0,NOINDEX,
phuket-travel-guide-top-things-to-do-costs-visa-tips-2026,CUT,0,NOINDEX,
poland-travel-guide-2026-visa-budget-best-time-to-visit-itinerary,CUT,0,NOINDEX,
police-clearance-certificate-for-visa,DEEPEN,0,LIVE_DEEPEN_QUEUE,
police-clearance-certificate-for-visa-format-sample-common-mistakes,CUT,0,NOINDEX,
portugal-travel-guide-2026-visa-budget-best-time-to-visit-itinerary,DEEPEN,0,LIVE_DEEPEN_QUEUE,
portugal-visa-processing-time-from-india-how-long-it-really-takes-2026,DEEPEN,4,LIVE_DEEPEN_QUEUE,
portugal-visa-processing-time-from-pakistan-how-long-it-really-takes-2026,DEEPEN,0,LIVE_DEEPEN_QUEUE,
portugal-visa-rule-changes-in-2026-what-travelers-need-to-know,DEEPEN,0,LIVE_DEEPEN_QUEUE,
pr-vs-citizenship-key-differences-explained-2026,CUT,0,NOINDEX,
proof-of-funds-visa-applications,DEEPEN,4,LIVE_DEEPEN_QUEUE,
property-documents-for-visa-format-sample-common-mistakes,CUT,1,NOINDEX,
qatar-travel-guide-2026-visa-budget-best-time-to-visit-itinerary,DEEPEN,1,LIVE_DEEPEN_QUEUE,
qatar-visa-processing-time-from-bangladesh-how-long-it-really-takes-2026,DEEPEN,0,LIVE_DEEPEN_QUEUE,
qatar-visa-processing-time-from-india-how-long-it-really-takes-2026,DEEPEN,6,LIVE_DEEPEN_QUEUE,
qatar-visa-processing-time-from-nigeria-how-long-it-really-takes-2026,DEEPEN,3,LIVE_DEEPEN_QUEUE,
qatar-visa-processing-time-from-pakistan-how-long-it-really-takes-2026,DEEPEN,0,LIVE_DEEPEN_QUEUE,
qatar-visa-refused-how-to-reapply-successfully-step-by-step,DEEPEN,0,LIVE_DEEPEN_QUEUE,
qatar-visa-rule-changes-in-2026-what-travelers-need-to-know,DEEPEN,3,LIVE_DEEPEN_QUEUE,
qatar-vs-uae-visa-for-bangladesh-which-is-easier-to-get-2026,DEEPEN,0,LIVE_DEEPEN_QUEUE,
qatar-vs-uae-visa-for-india-which-is-easier-to-get-2026,DEEPEN,0,LIVE_DEEPEN_QUEUE,
qatar-vs-uae-visa-for-nigeria-which-is-easier-to-get-2026,DEEPEN,0,LIVE_DEEPEN_QUEUE,
qatar-vs-uae-visa-for-pakistan-which-is-easier-to-get-2026,DEEPEN,1,LIVE_DEEPEN_QUEUE,
rome-travel-guide-top-things-to-do-costs-visa-tips-2026,CUT,0,NOINDEX,
russia-travel-guide-2026-visa-budget-best-time-to-visit-itinerary,CUT,5,LIVE_DEEPEN_QUEUE,
russia-visa-rule-changes-in-2026-what-travelers-need-to-know,CUT,0,NOINDEX,
salary-slips-for-visa-format-sample-common-mistakes,CUT,2,NOINDEX,
saudi-arabia-travel-guide-2026-visa-budget-best-time-to-visit-itinerary,DEEPEN,0,LIVE_DEEPEN_QUEUE,
saudi-arabia-visa-processing-time-from-bangladesh-how-long-it-really-takes-2026,DEEPEN,0,LIVE_DEEPEN_QUEUE,
saudi-arabia-visa-processing-time-from-india-how-long-it-really-takes-2026,DEEPEN,1,LIVE_DEEPEN_QUEUE,
saudi-arabia-visa-processing-time-from-nigeria-how-long-it-really-takes-2026,DEEPEN,8,LIVE_DEEPEN_QUEUE,
saudi-arabia-visa-processing-time-from-pakistan-how-long-it-really-takes-2026,DEEPEN,0,LIVE_DEEPEN_QUEUE,
saudi-arabia-visa-processing-time-from-philippines-how-long-it-really-takes-2026,DEEPEN,5,LIVE_DEEPEN_QUEUE,
saudi-arabia-visa-refused-how-to-reapply-successfully-step-by-step,DEEPEN,0,LIVE_DEEPEN_QUEUE,
saudi-arabia-visa-rule-changes-in-2026-what-travelers-need-to-know,KEEP,0,LIVE,
schengen-area-visa-refused-how-to-reapply-successfully-step-by-step,DEEPEN,0,LIVE_DEEPEN_QUEUE,
schengen-type-c-vs-type-d-visa-key-differences-explained-2026,DEEPEN,0,LIVE_DEEPEN_QUEUE,
schengen-visa-bangladeshis,KEEP,17,LIVE,
schengen-visa-from-pakistan-2026,KEEP,18,LIVE,
schengen-visa-guide-pakistani-travelers-2026,KEEP,14,LIVE,
schengen-visa-indians-requirements-tips,KEEP,0,LIVE,
schengen-visa-interview-questions-2026,KEEP,1,LIVE,
schengen-visa-nigerians,KEEP,19,LIVE,
schengen-vs-uk-visa-comparison,KEEP,16,LIVE,
schengen-vs-uk-visa-indians-2026,KEEP,1,LIVE,
schengen-vs-united-kingdom-visa-for-bangladesh-which-is-easier-to-get-2026,DEEPEN,0,LIVE_DEEPEN_QUEUE,
schengen-vs-united-kingdom-visa-for-india-which-is-easier-to-get-2026,DEEPEN,2,LIVE_DEEPEN_QUEUE,
schengen-vs-united-kingdom-visa-for-nigeria-which-is-easier-to-get-2026,DEEPEN,0,LIVE_DEEPEN_QUEUE,
schengen-vs-united-kingdom-visa-for-pakistan-which-is-easier-to-get-2026,DEEPEN,4,LIVE_DEEPEN_QUEUE,
schengen-vs-united-kingdom-visa-for-philippines-which-is-easier-to-get-2026,DEEPEN,0,LIVE_DEEPEN_QUEUE,
seoul-travel-guide-top-things-to-do-costs-visa-tips-2026,MERGE,1,LIVE,
singapore-travel-guide-2026-visa-budget-best-time-to-visit-itinerary,DEEPEN,0,LIVE_DEEPEN_QUEUE,
singapore-travel-guide-top-things-to-do-costs-visa-tips-2026,DEEPEN,0,LIVE_DEEPEN_QUEUE,
singapore-visa-pakistanis,KEEP,0,LIVE,
singapore-visa-processing-time-from-bangladesh-how-long-it-really-takes-2026,DEEPEN,3,LIVE_DEEPEN_QUEUE,
singapore-visa-processing-time-from-india-how-long-it-really-takes-2026,DEEPEN,0,LIVE_DEEPEN_QUEUE,
singapore-visa-processing-time-from-nigeria-how-long-it-really-takes-2026,DEEPEN,0,LIVE_DEEPEN_QUEUE,
singapore-visa-processing-time-from-pakistan-how-long-it-really-takes-2026,DEEPEN,0,LIVE_DEEPEN_QUEUE,
singapore-visa-refused-how-to-reapply-successfully-step-by-step,DEEPEN,1,LIVE_DEEPEN_QUEUE,
singapore-visa-rule-changes-in-2026-what-travelers-need-to-know,DEEPEN,1,LIVE_DEEPEN_QUEUE,
singapore-vs-dubai-visa-for-bangladesh-which-is-easier-to-get-2026,DEEPEN,1,LIVE_DEEPEN_QUEUE,
singapore-vs-dubai-visa-for-india-which-is-easier-to-get-2026,DEEPEN,0,LIVE_DEEPEN_QUEUE,
singapore-vs-dubai-visa-for-nigeria-which-is-easier-to-get-2026,DEEPEN,0,LIVE_DEEPEN_QUEUE,
singapore-vs-dubai-visa-for-pakistan-which-is-easier-to-get-2026,DEEPEN,2,LIVE_DEEPEN_QUEUE,
singapore-vs-dubai-visa-for-philippines-which-is-easier-to-get-2026,DEEPEN,0,LIVE_DEEPEN_QUEUE,
single-vs-multiple-entry-visa-key-differences-explained-2026,DEEPEN,2,LIVE_DEEPEN_QUEUE,
skilled-worker-vs-job-seeker-visa-key-differences-explained-2026,DEEPEN,0,LIVE_DEEPEN_QUEUE,
south-africa-travel-guide-2026-visa-budget-best-time-to-visit-itinerary,CUT,0,NOINDEX,
south-africa-visa-rule-changes-in-2026-what-travelers-need-to-know,CUT,0,NOINDEX,
south-korea-travel-guide-2026-visa-budget-best-time-to-visit-itinerary,CUT,0,NOINDEX,
south-korea-visa-indians,CUT,2,NOINDEX,
south-korea-visa-processing-time-from-india-how-long-it-really-takes-2026,CUT,1,NOINDEX,
south-korea-visa-processing-time-from-pakistan-how-long-it-really-takes-2026,CUT,5,LIVE_DEEPEN_QUEUE,
south-korea-visa-refused-how-to-reapply-successfully-step-by-step,CUT,0,NOINDEX,
south-korea-visa-rule-changes-in-2026-what-travelers-need-to-know,CUT,0,NOINDEX,
spain-travel-guide-2026-visa-budget-best-time-to-visit-itinerary,DEEPEN,0,LIVE_DEEPEN_QUEUE,
spain-visa-processing-time-from-bangladesh-how-long-it-really-takes-2026,DEEPEN,0,LIVE_DEEPEN_QUEUE,
spain-visa-processing-time-from-india-how-long-it-really-takes-2026,DEEPEN,4,LIVE_DEEPEN_QUEUE,
spain-visa-processing-time-from-nigeria-how-long-it-really-takes-2026,DEEPEN,5,LIVE_DEEPEN_QUEUE,
spain-visa-processing-time-from-pakistan-how-long-it-really-takes-2026,DEEPEN,0,LIVE_DEEPEN_QUEUE,
spain-visa-refused-how-to-reapply-successfully-step-by-step,DEEPEN,0,LIVE_DEEPEN_QUEUE,
spain-visa-rule-changes-in-2026-what-travelers-need-to-know,DEEPEN,0,LIVE_DEEPEN_QUEUE,
sponsored-vs-self-funded-visa-key-differences-explained-2026,CUT,0,NOINDEX,
sponsorship-letter-for-visa-format-sample-common-mistakes,CUT,0,NOINDEX,
sri-lanka-to-australia-visa-requirements-how-to-apply-2026,CUT,1,NOINDEX,
sri-lanka-to-canada-visa-requirements-how-to-apply-2026,KEEP,0,LIVE,
sri-lanka-to-france-visa-schengen-requirements-how-to-apply-2026,CUT,0,NOINDEX,
sri-lanka-to-germany-visa-schengen-requirements-how-to-apply-2026,CUT,1,NOINDEX,
sri-lanka-to-italy-visa-schengen-requirements-how-to-apply-2026,CUT,3,LIVE_DEEPEN_QUEUE,
sri-lanka-to-malaysia-visa-requirements-how-to-apply-2026,CUT,0,NOINDEX,
sri-lanka-to-qatar-visa-requirements-how-to-apply-2026,CUT,0,NOINDEX,
sri-lanka-to-saudi-arabia-visa-requirements-how-to-apply-2026,DEEPEN,6,LIVE_DEEPEN_QUEUE,
sri-lanka-to-singapore-visa-requirements-how-to-apply-2026,CUT,5,LIVE_DEEPEN_QUEUE,
sri-lanka-to-south-korea-visa-requirements-how-to-apply-2026,CUT,0,NOINDEX,
sri-lanka-to-spain-visa-schengen-requirements-how-to-apply-2026,CUT,3,LIVE_DEEPEN_QUEUE,
sri-lanka-to-switzerland-visa-schengen-requirements-how-to-apply-2026,CUT,2,NOINDEX,
sri-lanka-to-thailand-visa-requirements-how-to-apply-2026,CUT,1,NOINDEX,
sri-lanka-to-turkey-visa-requirements-how-to-apply-2026,CUT,1,NOINDEX,
sri-lanka-to-united-arab-emirates-visa-requirements-how-to-apply-2026,DEEPEN,1,LIVE_DEEPEN_QUEUE,
sri-lanka-to-united-kingdom-visa-requirements-how-to-apply-2026,DEEPEN,9,LIVE_DEEPEN_QUEUE,
sri-lanka-to-united-states-visa-requirements-how-to-apply-2026,DEEPEN,0,LIVE_DEEPEN_QUEUE,
sri-lanka-travel-guide-2026-visa-budget-best-time-to-visit-itinerary,CUT,0,NOINDEX,
sri-lanka-visa-rule-changes-in-2026-what-travelers-need-to-know,CUT,0,NOINDEX,
statement-of-purpose-student-visa,KEEP,0,LIVE,
sticker-visa-vs-evisa-key-differences-explained-2026,CUT,9,LIVE_DEEPEN_QUEUE,
strongest-passport-world-2026,DEEPEN,46,LIVE_DEEPEN_QUEUE,
student-visa-vs-visit-visa-key-differences-explained-2026,DEEPEN,1,LIVE_DEEPEN_QUEUE,
sweden-travel-guide-2026-visa-budget-best-time-to-visit-itinerary,DEEPEN,0,LIVE_DEEPEN_QUEUE,
switzerland-travel-guide-2026-visa-budget-best-time-to-visit-itinerary,DEEPEN,0,LIVE_DEEPEN_QUEUE,
switzerland-visa-processing-time-from-india-how-long-it-really-takes-2026,DEEPEN,0,LIVE_DEEPEN_QUEUE,
switzerland-visa-processing-time-from-pakistan-how-long-it-really-takes-2026,DEEPEN,0,LIVE_DEEPEN_QUEUE,
switzerland-visa-rule-changes-in-2026-what-travelers-need-to-know,DEEPEN,0,LIVE_DEEPEN_QUEUE,
sydney-travel-guide-top-things-to-do-costs-visa-tips-2026,CUT,1,NOINDEX,
tbilisi-travel-guide-top-things-to-do-costs-visa-tips-2026,CUT,1,NOINDEX,
thailand-travel-guide-2026-visa-budget-best-time-to-visit-itinerary,DEEPEN,0,LIVE_DEEPEN_QUEUE,
thailand-visa-indians,KEEP,0,LIVE,
thailand-visa-processing-time-from-bangladesh-how-long-it-really-takes-2026,DEEPEN,0,LIVE_DEEPEN_QUEUE,
thailand-visa-processing-time-from-india-how-long-it-really-takes-2026,DEEPEN,1,LIVE_DEEPEN_QUEUE,
thailand-visa-processing-time-from-nigeria-how-long-it-really-takes-2026,DEEPEN,1,LIVE_DEEPEN_QUEUE,
thailand-visa-processing-time-from-pakistan-how-long-it-really-takes-2026,DEEPEN,0,LIVE_DEEPEN_QUEUE,
thailand-visa-processing-time-from-philippines-how-long-it-really-takes-2026,DEEPEN,0,LIVE_DEEPEN_QUEUE,
thailand-visa-rule-changes-in-2026-what-travelers-need-to-know,DEEPEN,0,LIVE_DEEPEN_QUEUE,
thailand-vs-malaysia-indian-tourists-2026,KEEP,0,LIVE,
tokyo-travel-guide-top-things-to-do-costs-visa-tips-2026,MERGE,0,REDIRECT_301,/blog/seoul-travel-guide-top-things-to-do-costs-visa-tips-2026
top-10-visa-rejection-reasons,DEEPEN,3,LIVE_DEEPEN_QUEUE,
toronto-travel-guide-top-things-to-do-costs-visa-tips-2026,CUT,0,NOINDEX,
tourist-visa-vs-business-visa-key-differences-explained-2026,CUT,0,NOINDEX,
tourist-visa-vs-digital-nomad-visa-key-differences-explained-2026,DEEPEN,0,LIVE_DEEPEN_QUEUE,
transit-visa-dubai-requirements,KEEP,158,LIVE,
transit-visa-vs-tourist-visa-key-differences-explained-2026,CUT,4,LIVE_DEEPEN_QUEUE,
travel-insurance-for-visa-format-sample-common-mistakes,CUT,0,NOINDEX,
travel-itinerary-for-visa-application,DEEPEN,3,LIVE_DEEPEN_QUEUE,
travel-itinerary-for-visa-format-sample-common-mistakes,CUT,0,NOINDEX,
turkey-evisa-for-pakistanis,KEEP,59,LIVE,
turkey-evisa-indians,KEEP,125,LIVE,
turkey-travel-guide-2026-visa-budget-best-time-to-visit-itinerary,DEEPEN,0,LIVE_DEEPEN_QUEUE,
turkey-visa-processing-time-from-bangladesh-how-long-it-really-takes-2026,DEEPEN,0,LIVE_DEEPEN_QUEUE,
turkey-visa-processing-time-from-india-how-long-it-really-takes-2026,DEEPEN,0,LIVE_DEEPEN_QUEUE,
turkey-visa-processing-time-from-nigeria-how-long-it-really-takes-2026,DEEPEN,0,LIVE_DEEPEN_QUEUE,
turkey-visa-processing-time-from-pakistan-how-long-it-really-takes-2026,DEEPEN,0,LIVE_DEEPEN_QUEUE,
turkey-visa-processing-time-from-philippines-how-long-it-really-takes-2026,DEEPEN,0,LIVE_DEEPEN_QUEUE,
turkey-visa-refused-how-to-reapply-successfully-step-by-step,DEEPEN,0,LIVE_DEEPEN_QUEUE,
turkey-visa-rule-changes-in-2026-what-travelers-need-to-know,DEEPEN,0,LIVE_DEEPEN_QUEUE,
turkey-vs-dubai-visa-for-bangladesh-which-is-easier-to-get-2026,DEEPEN,0,LIVE_DEEPEN_QUEUE,
turkey-vs-dubai-visa-for-india-which-is-easier-to-get-2026,DEEPEN,0,LIVE_DEEPEN_QUEUE,
turkey-vs-dubai-visa-for-nigeria-which-is-easier-to-get-2026,DEEPEN,0,LIVE_DEEPEN_QUEUE,
turkey-vs-dubai-visa-for-pakistan-which-is-easier-to-get-2026,DEEPEN,0,LIVE_DEEPEN_QUEUE,
turkey-vs-dubai-visa-for-philippines-which-is-easier-to-get-2026,DEEPEN,2,LIVE_DEEPEN_QUEUE,
uae-residence-visa-complete-requirements-guide,KEEP,2,LIVE,
uae-visit-visa-step-by-step,KEEP,2,LIVE,
uae-vs-saudi-arabia-indian-tourists-2026,KEEP,2,LIVE,
uae-vs-saudi-arabia-visa-for-bangladesh-which-is-easier-to-get-2026,DEEPEN,0,LIVE_DEEPEN_QUEUE,
uae-vs-saudi-arabia-visa-for-india-which-is-easier-to-get-2026,DEEPEN,1,LIVE_DEEPEN_QUEUE,
uae-vs-saudi-arabia-visa-for-nigeria-which-is-easier-to-get-2026,DEEPEN,0,LIVE_DEEPEN_QUEUE,
uae-vs-saudi-arabia-visa-for-pakistan-which-is-easier-to-get-2026,DEEPEN,0,LIVE_DEEPEN_QUEUE,
uae-vs-saudi-arabia-visa-for-philippines-which-is-easier-to-get-2026,DEEPEN,0,LIVE_DEEPEN_QUEUE,
uk-family-visit-visa-requirements,KEEP,6,LIVE,
uk-skilled-worker-visa-indians,KEEP,2,LIVE,
uk-student-visa-interview-questions-2026,KEEP,0,LIVE,
uk-student-visa-interview-questions-pakistan-2026,KEEP,0,LIVE,
uk-student-visa-pakistan-2026,KEEP,0,LIVE,
uk-student-visa-requirements-2026,KEEP,5,LIVE,
uk-vs-australia-pakistani-students-2026,KEEP,0,LIVE,
uk-vs-canada-indian-students-2026,KEEP,1,LIVE,
uk-vs-canada-pakistani-students-2026,KEEP,0,LIVE,
united-arab-emirates-travel-guide-2026-visa-budget-best-time-to-visit-itinerary,DEEPEN,0,LIVE_DEEPEN_QUEUE,
united-arab-emirates-visa-processing-time-from-bangladesh-how-long-it-really-tak,DEEPEN,0,LIVE_DEEPEN_QUEUE,
united-arab-emirates-visa-processing-time-from-egypt-how-long-it-really-takes-20,MERGE,8,REDIRECT_301,/blog/united-kingdom-visa-processing-time-from-egypt-how-long-it-really-takes-2026
united-arab-emirates-visa-processing-time-from-india-how-long-it-really-takes-20,DEEPEN,0,LIVE_DEEPEN_QUEUE,
united-arab-emirates-visa-processing-time-from-nigeria-how-long-it-really-takes-,DEEPEN,0,LIVE_DEEPEN_QUEUE,
united-arab-emirates-visa-processing-time-from-pakistan-how-long-it-really-takes,DEEPEN,0,LIVE_DEEPEN_QUEUE,
united-arab-emirates-visa-processing-time-from-philippines-how-long-it-really-ta,DEEPEN,0,LIVE_DEEPEN_QUEUE,
united-arab-emirates-visa-refused-how-to-reapply-successfully-step-by-step,DEEPEN,0,LIVE_DEEPEN_QUEUE,
united-arab-emirates-visa-rule-changes-in-2026-what-travelers-need-to-know,DEEPEN,0,LIVE_DEEPEN_QUEUE,
united-kingdom-student-visa-financial-requirements-2026-proof-of-funds-explained,DEEPEN,20,LIVE_DEEPEN_QUEUE,
united-kingdom-student-visa-for-bangladesh-students-2026-complete-step-by-step-g,DEEPEN,0,LIVE_DEEPEN_QUEUE,
united-kingdom-student-visa-for-india-students-2026-complete-step-by-step-guide,DEEPEN,2,LIVE_DEEPEN_QUEUE,
united-kingdom-student-visa-for-nigeria-students-2026-complete-step-by-step-guid,DEEPEN,0,LIVE_DEEPEN_QUEUE,
united-kingdom-student-visa-for-pakistan-students-2026-complete-step-by-step-gui,DEEPEN,0,LIVE_DEEPEN_QUEUE,
united-kingdom-student-visa-for-philippines-students-2026-complete-step-by-step-,DEEPEN,0,LIVE_DEEPEN_QUEUE,
united-kingdom-travel-guide-2026-visa-budget-best-time-to-visit-itinerary,DEEPEN,0,LIVE_DEEPEN_QUEUE,
united-kingdom-visa-processing-time-from-bangladesh-how-long-it-really-takes-202,DEEPEN,0,LIVE_DEEPEN_QUEUE,
united-kingdom-visa-processing-time-from-egypt-how-long-it-really-takes-2026,MERGE,15,LIVE,
united-kingdom-visa-processing-time-from-india-how-long-it-really-takes-2026,DEEPEN,0,LIVE_DEEPEN_QUEUE,
united-kingdom-visa-processing-time-from-nigeria-how-long-it-really-takes-2026,DEEPEN,0,LIVE_DEEPEN_QUEUE,
united-kingdom-visa-processing-time-from-pakistan-how-long-it-really-takes-2026,DEEPEN,0,LIVE_DEEPEN_QUEUE,
united-kingdom-visa-processing-time-from-philippines-how-long-it-really-takes-20,DEEPEN,0,LIVE_DEEPEN_QUEUE,
united-kingdom-visa-refused-how-to-reapply-successfully-step-by-step,DEEPEN,0,LIVE_DEEPEN_QUEUE,
united-kingdom-visa-rule-changes-in-2026-what-travelers-need-to-know,DEEPEN,0,LIVE_DEEPEN_QUEUE,
united-kingdom-vs-canada-visa-for-bangladesh-which-is-easier-to-get-2026,DEEPEN,0,LIVE_DEEPEN_QUEUE,
united-kingdom-vs-canada-visa-for-india-which-is-easier-to-get-2026,MERGE,0,REDIRECT_301,/blog/united-states-vs-canada-visa-for-philippines-which-is-easier-to-get-2026
united-kingdom-vs-canada-visa-for-nigeria-which-is-easier-to-get-2026,DEEPEN,3,LIVE_DEEPEN_QUEUE,
united-kingdom-vs-canada-visa-for-pakistan-which-is-easier-to-get-2026,MERGE,0,REDIRECT_301,/blog/united-states-vs-canada-visa-for-philippines-which-is-easier-to-get-2026
united-kingdom-vs-canada-visa-for-philippines-which-is-easier-to-get-2026,DEEPEN,0,LIVE_DEEPEN_QUEUE,
united-states-student-visa-financial-requirements-2026-proof-of-funds-explained,DEEPEN,6,LIVE_DEEPEN_QUEUE,
united-states-student-visa-for-bangladesh-students-2026-complete-step-by-step-gu,DEEPEN,1,LIVE_DEEPEN_QUEUE,
united-states-student-visa-for-egypt-students-2026-complete-step-by-step-guide,DEEPEN,0,LIVE_DEEPEN_QUEUE,
united-states-student-visa-for-india-students-2026-complete-step-by-step-guide,DEEPEN,1,LIVE_DEEPEN_QUEUE,
united-states-student-visa-for-nigeria-students-2026-complete-step-by-step-guide,DEEPEN,0,LIVE_DEEPEN_QUEUE,
united-states-student-visa-for-pakistan-students-2026-complete-step-by-step-guid,DEEPEN,0,LIVE_DEEPEN_QUEUE,
united-states-student-visa-for-philippines-students-2026-complete-step-by-step-g,DEEPEN,0,LIVE_DEEPEN_QUEUE,
united-states-travel-guide-2026-visa-budget-best-time-to-visit-itinerary,DEEPEN,0,LIVE_DEEPEN_QUEUE,
united-states-visa-processing-time-from-bangladesh-how-long-it-really-takes-2026,DEEPEN,0,LIVE_DEEPEN_QUEUE,
united-states-visa-processing-time-from-egypt-how-long-it-really-takes-2026,KEEP,0,LIVE,
united-states-visa-processing-time-from-india-how-long-it-really-takes-2026,DEEPEN,0,LIVE_DEEPEN_QUEUE,
united-states-visa-processing-time-from-nigeria-how-long-it-really-takes-2026,DEEPEN,0,LIVE_DEEPEN_QUEUE,
united-states-visa-processing-time-from-pakistan-how-long-it-really-takes-2026,DEEPEN,0,LIVE_DEEPEN_QUEUE,
united-states-visa-processing-time-from-philippines-how-long-it-really-takes-202,DEEPEN,0,LIVE_DEEPEN_QUEUE,
united-states-visa-refused-how-to-reapply-successfully-step-by-step,DEEPEN,0,LIVE_DEEPEN_QUEUE,
united-states-visa-rule-changes-in-2026-what-travelers-need-to-know,DEEPEN,0,LIVE_DEEPEN_QUEUE,
united-states-vs-canada-visa-for-bangladesh-which-is-easier-to-get-2026,MERGE,0,REDIRECT_301,/blog/united-states-vs-canada-visa-for-philippines-which-is-easier-to-get-2026
united-states-vs-canada-visa-for-india-which-is-easier-to-get-2026,DEEPEN,4,LIVE_DEEPEN_QUEUE,
united-states-vs-canada-visa-for-nigeria-which-is-easier-to-get-2026,MERGE,1,REDIRECT_301,/blog/united-states-vs-canada-visa-for-philippines-which-is-easier-to-get-2026
united-states-vs-canada-visa-for-pakistan-which-is-easier-to-get-2026,DEEPEN,1,LIVE_DEEPEN_QUEUE,
united-states-vs-canada-visa-for-philippines-which-is-easier-to-get-2026,MERGE,2,LIVE,
us-b1-b2-visa-interview-questions-2026,KEEP,1,LIVE,
us-f1-student-visa-interview-questions-2026,KEEP,0,LIVE,
us-f1-student-visa-interview-questions-pakistan-2026,MERGE,0,LIVE,
us-student-visa-f1-pakistan-2026,MERGE,0,LIVE,
us-vs-uk-indian-students-2026,KEEP,0,LIVE,
usa-student-visa-f1-complete-guide-2026,KEEP,15,LIVE,
vfs-global-appointment-guide,DEEPEN,31,LIVE_DEEPEN_QUEUE,
vietnam-travel-guide-2026-visa-budget-best-time-to-visit-itinerary,CUT,0,NOINDEX,
vietnam-visa-processing-time-from-india-how-long-it-really-takes-2026,CUT,0,NOINDEX,
vietnam-visa-processing-time-from-pakistan-how-long-it-really-takes-2026,CUT,0,NOINDEX,
vietnam-visa-rule-changes-in-2026-what-travelers-need-to-know,CUT,0,NOINDEX,
visa-free-countries-best-beaches,DEEPEN,20,LIVE_DEEPEN_QUEUE,
visa-interview-tips-how-to-prepare-2026,DEEPEN,0,LIVE_DEEPEN_QUEUE,
visa-on-arrival-countries-indian-passport-2026,DEEPEN,5,LIVE_DEEPEN_QUEUE,
visa-photo-requirements-2026,DEEPEN,1,LIVE_DEEPEN_QUEUE,
visa-photo-specs-sample-for-visa-format-sample-common-mistakes,CUT,1,NOINDEX,
visa-sponsorship-affidavit-of-support,DEEPEN,1,LIVE_DEEPEN_QUEUE,
visit-visa-vs-family-visa-key-differences-explained-2026,CUT,2,NOINDEX,
why-australia-visas-get-refused-top-reasons-how-to-avoid-them-2026,DEEPEN,0,LIVE_DEEPEN_QUEUE,
why-australia-visas-refused-indians-2026,KEEP,0,LIVE,
why-canada-visas-get-refused-top-reasons-how-to-avoid-them-2026,DEEPEN,0,LIVE_DEEPEN_QUEUE,
why-canada-visas-refused-indians-2026,KEEP,2,LIVE,
why-canada-visas-refused-pakistanis-2026,MERGE,0,LIVE,
why-france-visas-get-refused-top-reasons-how-to-avoid-them-2026,DEEPEN,0,LIVE_DEEPEN_QUEUE,
why-germany-visas-get-refused-top-reasons-how-to-avoid-them-2026,DEEPEN,0,LIVE_DEEPEN_QUEUE,
why-ireland-visas-get-refused-top-reasons-how-to-avoid-them-2026,DEEPEN,0,LIVE_DEEPEN_QUEUE,
why-italy-visas-get-refused-top-reasons-how-to-avoid-them-2026,DEEPEN,1,LIVE_DEEPEN_QUEUE,
why-japan-visas-get-refused-top-reasons-how-to-avoid-them-2026,DEEPEN,0,LIVE_DEEPEN_QUEUE,
why-malaysia-visas-get-refused-top-reasons-how-to-avoid-them-2026,DEEPEN,0,LIVE_DEEPEN_QUEUE,
why-netherlands-visas-get-refused-top-reasons-how-to-avoid-them-2026,DEEPEN,0,LIVE_DEEPEN_QUEUE,
why-new-zealand-visas-get-refused-top-reasons-how-to-avoid-them-2026,CUT,0,NOINDEX,
why-qatar-visas-get-refused-top-reasons-how-to-avoid-them-2026,DEEPEN,0,LIVE_DEEPEN_QUEUE,
why-saudi-arabia-visas-get-refused-top-reasons-how-to-avoid-them-2026,DEEPEN,1,LIVE_DEEPEN_QUEUE,
why-schengen-area-visas-get-refused-top-reasons-how-to-avoid-them-2026,DEEPEN,1,LIVE_DEEPEN_QUEUE,
why-schengen-visas-refused-indians-2026,KEEP,0,LIVE,
why-schengen-visas-refused-pakistanis-2026,KEEP,0,LIVE,
why-singapore-visas-get-refused-top-reasons-how-to-avoid-them-2026,DEEPEN,0,LIVE_DEEPEN_QUEUE,
why-south-korea-visas-get-refused-top-reasons-how-to-avoid-them-2026,CUT,3,LIVE_DEEPEN_QUEUE,
why-spain-visas-get-refused-top-reasons-how-to-avoid-them-2026,DEEPEN,1,LIVE_DEEPEN_QUEUE,
why-turkey-visas-get-refused-top-reasons-how-to-avoid-them-2026,DEEPEN,0,LIVE_DEEPEN_QUEUE,
why-uae-visas-refused-indians-2026,KEEP,3,LIVE,
why-uk-visas-refused-indians-2026,MERGE,1,LIVE,
why-uk-visas-refused-pakistanis-2026,MERGE,0,LIVE,
why-united-arab-emirates-visas-get-refused-top-reasons-how-to-avoid-them-2026,DEEPEN,0,LIVE_DEEPEN_QUEUE,
why-united-kingdom-visas-get-refused-top-reasons-how-to-avoid-them-2026,DEEPEN,0,LIVE_DEEPEN_QUEUE,
why-united-states-visas-get-refused-top-reasons-how-to-avoid-them-2026,DEEPEN,0,LIVE_DEEPEN_QUEUE,
why-us-visas-refused-indians-2026,KEEP,0,LIVE,
why-us-visas-refused-pakistanis-2026,KEEP,0,LIVE,
work-visa-vs-work-permit-key-differences-explained-2026,DEEPEN,0,LIVE_DEEPEN_QUEUE,
